file,column,max_absolute_change
delete_one_envelopes.csv,Age,0.0
delete_one_envelopes.csv,New_Std,4.019966581836343e-09
delete_one_envelopes.csv,lower,5.729816621169448e-09
delete_one_envelopes.csv,upper,8.14998202258721e-09
delete_one_envelopes.csv,relative_change_pct,3.9072078905633134e-11
delete_one_envelopes.csv,envelope_width_pct,3.308697760218138e-11
marathon_existing.csv,mean_difference,0.0
marathon_existing.csv,std_error,0.0
marathon_existing.csv,ci_lower,0.0
marathon_existing.csv,ci_upper,0.0
marathon_existing.csv,n,0.0
marathon_existing.csv,n_races,0.0
marathon_existing.csv,statistic,0.0
marathon_existing.csv,p_value,0.0
marathon_existing.csv,log_p_value,0.0
delete_one_summary.csv,n_ages,0.0
delete_one_summary.csv,median_change_pct,4.572009437708857e-12
delete_one_summary.csv,max_change_pct,2.2589929926652985e-11
marathon_proposed.csv,mean_difference,1.4859780073095408e-12
marathon_proposed.csv,std_error,4.3021142204224816e-14
marathon_proposed.csv,ci_lower,1.3999912340523224e-12
marathon_proposed.csv,ci_upper,1.5709655798445965e-12
marathon_proposed.csv,n,0.0
marathon_proposed.csv,n_races,0.0
marathon_proposed.csv,statistic,3.59989815734707e-12
marathon_proposed.csv,p_value,2.1769808178362382e-12
marathon_proposed.csv,log_p_value,2.100364326906856e-11
penalty_sensitivity.csv,Age,0.0
penalty_sensitivity.csv,rho,0.0
penalty_sensitivity.csv,eta,0.0
penalty_sensitivity.csv,Standard,7.480048225261271e-08
penalty_sensitivity.csv,Baseline,4.019966581836343e-09
penalty_sensitivity.csv,Change,2.0235147030200906e-09
records_test_table.csv,n_pairs,0.0
records_test_table.csv,mean_female,3.396394276933279e-12
records_test_table.csv,mean_male,1.8488321984477807e-11
records_test_table.csv,mean_difference,1.598501886412862e-11
records_test_table.csv,ci_lower,1.674793637107541e-11
records_test_table.csv,ci_upper,1.5221046645308434e-11
records_test_table.csv,p_value,3.509603718754306e-11
participation.csv,n,0.0
participation.csv,share,0.0
records_existing.csv,n_pairs,0.0
records_existing.csv,mean_female,0.0
records_existing.csv,mean_male,0.0
records_existing.csv,mean_difference,0.0
records_existing.csv,ci_lower,0.0
records_existing.csv,ci_upper,0.0
records_existing.csv,p_value,0.0
records_proposed.csv,n_pairs,0.0
records_proposed.csv,mean_female,3.396394276933279e-12
records_proposed.csv,mean_male,1.8488321984477807e-11
records_proposed.csv,mean_difference,1.598501886412862e-11
records_proposed.csv,ci_lower,1.674793637107541e-11
records_proposed.csv,ci_upper,1.5221046645308434e-11
records_proposed.csv,p_value,3.509603718754306e-11
delete_one_overall.csv,n_ages,0.0
delete_one_overall.csv,median_change_pct,1.3290479827787749e-12
delete_one_overall.csv,max_change_pct,5.897504706808832e-13
penalty_sensitivity_checks.csv,rho,0.0
penalty_sensitivity_checks.csv,eta,0.0
penalty_sensitivity_checks.csv,lambda,0.0
penalty_sensitivity_checks.csv,iterations,3.0
method_comparison.csv,change_in_mean_gap,1.48991929904696e-12
method_comparison.csv,std_error,3.8795355816745314e-14
method_comparison.csv,ci_lower,1.56008539420327e-12
method_comparison.csv,ci_upper,1.4099832412739488e-12
method_comparison.csv,n,0.0
method_comparison.csv,n_races,0.0
method_comparison.csv,statistic,7.180034344855812e-11
method_comparison.csv,p_value,2.8345401126035513e-274
method_comparison.csv,log_p_value,2.850356395356357e-09
method_comparison.csv,existing_gap,0.0
method_comparison.csv,proposed_gap,1.4859780073095408e-12
marathon_test_table.csv,mean_difference,1.4859780073095408e-12
marathon_test_table.csv,std_error,4.3021142204224816e-14
marathon_test_table.csv,ci_lower,1.3999912340523224e-12
marathon_test_table.csv,ci_upper,1.5709655798445965e-12
marathon_test_table.csv,n,0.0
marathon_test_table.csv,n_races,0.0
marathon_test_table.csv,statistic,3.59989815734707e-12
marathon_test_table.csv,p_value,2.1769808178362382e-12
marathon_test_table.csv,log_p_value,2.100364326906856e-11
record_diagnostics.csv,n,0.0
record_diagnostics.csv,RMSE,6.070699498650356e-13
record_diagnostics.csv,MAE,3.1161739855178894e-12
record_diagnostics.csv,above_100,0.0
record_diagnostics.csv,above_100_5,0.0
record_diagnostics.csv,max_age_grade,2.3447910280083306e-12
