"Sex","Event","Age","New_Std","lower","upper","relative_change_pct","envelope_width_pct"
"Female","5 km",13,962.494095755654,950.432917074072,970.200086277938,1.25311716038248,2.05374446358001
"Female","5 km",14,935.113947210691,927.495573768087,942.633123465771,0.814700012263588,1.6187919924451
"Female","5 km",15,919.950728820099,914.6009943035,927.297855002537,0.798643443857215,1.38016746998202
"Female","5 km",16,906.490048470684,902.872067056457,913.574519143776,0.781527683072068,1.1806474991506
"Female","5 km",17,893.923495685464,891.660892643126,900.577391501699,0.744347346092795,0.997456594620097
"Female","5 km",18,882.681684486543,881.48934887853,888.640736612916,0.675107712225703,0.810188753213504
"Female","5 km",19,873.129387076764,872.601235746398,878.063395767898,0.565094791695576,0.62558426074604
"Female","5 km",20,865.444657519158,865.076879936126,869.12603550582,0.42537416513906,0.467869959623031
"Female","5 km",21,859.748308978264,859.432780204399,862.122579462666,0.276158785031371,0.312858918148237
"Female","5 km",22,856.200845518807,855.969632877541,858.578458746721,0.277693398734434,0.304697885178993
"Female","5 km",23,854.900268508704,854.530591007918,857.128306300158,0.26061961535484,0.303861793934332
"Female","5 km",24,855.66444863031,854.969105788696,857.744038858616,0.243038054419015,0.324301550024973
"Female","5 km",25,858.090904309449,857.022578960389,860.230318563992,0.249322565219852,0.373822818479191
"Female","5 km",26,861.763761197774,860.326338735983,863.840116627803,0.240942532457227,0.407742591419212
"Female","5 km",27,866.318604236497,864.571799706811,868.245779655384,0.22245573504508,0.424091082727128
"Female","5 km",28,871.441271370495,869.501491583437,873.163873224087,0.222594436456775,0.420267178176056
"Female","5 km",29,876.895012957577,874.913869330834,878.38275071493,0.2259271175533,0.395586852797463
"Female","5 km",30,882.525192338735,880.635397422878,883.767832064424,0.214134954136355,0.354939968710112
"Female","5 km",31,888.219137259788,886.513692116014,889.222127585197,0.192007250489466,0.304928745122417
"Female","5 km",32,893.884993691192,892.419350366912,894.941695196461,0.163963298928125,0.282177779843158
"Female","5 km",33,899.444532355184,898.241565038739,900.716731450354,0.141442751543454,0.275188332640616
"Female","5 km",34,904.836011054453,903.890312579571,906.325487932593,0.164612908852298,0.269128916540808
"Female","5 km",35,910.029919320485,909.31317118435,911.717003529033,0.185387773822649,0.264148715734305
"Female","5 km",36,915.056148504309,914.532689685794,916.896601749275,0.201130088899378,0.258335192582973
"Female","5 km",37,920.012629157146,919.660228011621,921.965224107423,0.212235668119618,0.250539614647807
"Female","5 km",38,924.936187270834,924.576824447879,926.945903963486,0.217281659027881,0.256134374263931
"Female","5 km",39,929.841253683061,929.287681805549,931.837179271405,0.214652294726474,0.274186314680873
"Female","5 km",40,934.722499622787,933.965778867745,936.643015804199,0.20546378012585,0.286420508496874
"Female","5 km",41,939.575485926442,938.617172897747,941.991506977749,0.257139643115053,0.359133899356231
"Female","5 km",42,944.405113427852,943.269572123076,947.560007255849,0.334061493647117,0.454300286155772
"Female","5 km",43,949.23316939702,948.010704585994,953.127928418557,0.4103058286524,0.539090288618358
"Female","5 km",44,954.139596312442,952.962292630379,958.724683578009,0.480546796641467,0.60393583600347
"Female","5 km",45,959.280854883601,958.25956357732,964.431170435981,0.536893395313902,0.643357659776324
"Female","5 km",46,964.865870878476,964.066664001545,970.365034463894,0.569940729731842,0.652771608204395
"Female","5 km",47,971.161207686053,970.593255276791,976.686513059128,0.568938022786121,0.627419807763446
"Female","5 km",48,978.475992194989,978.053912932398,983.601257950062,0.523800869510899,0.566937263858649
"Female","5 km",49,987.002328064951,986.30473227176,991.322629031657,0.43771943022425,0.508397662013171
"Female","5 km",50,996.610257172996,995.597657442521,999.986035818306,0.338726058758986,0.440330444544327
"Female","5 km",51,1007.02963082786,1005.72887228018,1010.3197602548,0.326716248084377,0.455884100534828
"Female","5 km",52,1017.98825146923,1016.4823569486,1022.08663614027,0.402596460728049,0.550524938139817
"Female","5 km",53,1029.24623322471,1027.6776410622,1034.00038916465,0.461906566813085,0.614308597723828
"Female","5 km",54,1040.60794499292,1039.17750142583,1045.86212539082,0.50491449956534,0.642376794944935
"Female","5 km",55,1051.9633801733,1050.91698946442,1057.58592757059,0.534481285494901,0.633951545448791
"Female","5 km",56,1063.29166273043,1062.54769213211,1069.11865218824,0.548014214918509,0.617982843883863
"Female","5 km",57,1074.58454149636,1073.44123295937,1080.41676634333,0.542742299162731,0.649137700626247
"Female","5 km",58,1085.7777946309,1084.19720900663,1091.44225407599,0.52169601120025,0.667267750840763
"Female","5 km",59,1096.81686964494,1094.78269545124,1102.17742314537,0.488737331526371,0.674198938654744
"Female","5 km",60,1107.68038153203,1105.1985503517,1112.75127997851,0.457794372007082,0.681850988131003
"Female","5 km",61,1118.37739125962,1115.47530324498,1125.7166287276,0.656239792161626,0.91573073299428
"Female","5 km",62,1128.94235742186,1125.68479353842,1139.21785664173,0.910188120085301,1.19873818307394
"Female","5 km",63,1139.44627407185,1136.01919268876,1153.57108670791,1.23962076646074,1.54038803044476
"Female","5 km",64,1150.09859641275,1146.8290659539,1169.14644690018,1.65619282962774,1.94047545279093
"Female","5 km",65,1161.35672635593,1158.53960054627,1186.22863782276,2.14162547151891,2.38419743461417
"Female","5 km",66,1173.82242035583,1171.63481853628,1204.70233590529,2.63071440909219,2.81708006215977
"Female","5 km",67,1188.19391971139,1186.69090982517,1224.25047140953,3.03456793541729,3.16106327100892
"Female","5 km",68,1205.20886203694,1204.09005078717,1244.49120023999,3.25938013239074,3.35221144860641
"Female","5 km",69,1225.23165696617,1223.48580681983,1265.04233898214,3.2492371372894,3.39172857035193
"Female","5 km",70,1247.65567217709,1245.28569156907,1285.60574986112,3.04171082858207,3.23166553009713
"Female","5 km",71,1271.55159729198,1268.71217479133,1306.0615919009,2.71400662642506,2.93731038434576
"Female","5 km",72,1296.1225707763,1293.1146763204,1326.35211416804,2.33230591560739,2.56437458902773
"Female","5 km",73,1320.81348850007,1317.96956107752,1346.43033933776,1.93947525980967,2.15479161199067
"Female","5 km",74,1345.39883054391,1342.88107898936,1366.28337554369,1.55229397600576,1.73943190844518
"Female","5 km",75,1369.80121546775,1367.67832665032,1385.91389756811,1.17627885845152,1.33125673359518
"Female","5 km",76,1393.99882033971,1392.31238329393,1405.35696507687,0.814788690738751,0.93576706038867
"Female","5 km",77,1418.00969630021,1416.77986897206,1424.67094027274,0.469760114469027,0.556489234260249
"Female","5 km",78,1441.84997212964,1441.01304936561,1444.9433083777,0.214539397846578,0.272584463575641
"Female","5 km",79,1467.39196081766,1464.96773689323,1470.0497676316,0.181124531475642,0.346330828713038
"Female","5 km",80,1512.01006320874,1502.32623044957,1516.50924974196,0.640460866948374,0.938024133403687
"Female","10 km",13,2026.89127097558,1974.15366552416,2038.02044500421,2.60189612568792,3.15097215102769
"Female","10 km",14,1961.5248529156,1923.40689177806,1976.61336420724,1.9432820889768,2.71250564835283
"Female","10 km",15,1925.21100515661,1894.78345848942,1942.4679964717,1.58047853381723,2.47684736138294
"Female","10 km",16,1892.56626839198,1868.59372494455,1911.70792768271,1.26666864182231,2.27808153712827
"Female","10 km",17,1861.20901884993,1842.98203966799,1882.03383090462,1.11888626391654,2.09819482073897
"Female","10 km",18,1831.71534712939,1818.47085927769,1853.89395881624,1.21081104231659,1.93387578446953
"Female","10 km",19,1804.75712800587,1795.71582110804,1827.79043191356,1.27625504563806,1.77722588307286
"Female","10 km",20,1781.11330185408,1775.5069536332,1804.2878950493,1.30112964577271,1.6158961581016
"Female","10 km",21,1761.68545252345,1758.77574182856,1784.02751039998,1.26822060343014,1.43338690429962
"Female","10 km",22,1747.44864671263,1746.43591443628,1767.73910599299,1.16114767198086,1.21910258117119
"Female","10 km",23,1739.01487394,1738.05662137189,1756.18910063918,0.98758365765244,1.04268684178702
"Female","10 km",24,1735.91686211762,1734.7386173281,1749.75145481795,0.796961709529039,0.864836203707538
"Female","10 km",25,1737.15833775264,1735.76338421024,1747.8764667871,0.616992061203114,0.697292947546114
"Female","10 km",26,1741.77512782128,1740.10587870355,1749.70140349697,0.455068828867925,0.550904915344885
"Female","10 km",27,1748.95128268957,1747.18656214151,1754.44254762973,0.313974722710159,0.414876363912321
"Female","10 km",28,1758.0376985992,1756.39234843895,1762.10719849477,0.231479671841489,0.325069824177988
"Female","10 km",29,1768.56079881027,1767.18811944619,1772.98792031832,0.25032339917485,0.327939015499904
"Female","10 km",30,1780.1860242929,1779.13900209156,1784.68454142094,0.252699272247036,0.311514597558717
"Female","10 km",31,1792.62381948259,1791.62738202059,1796.86959229479,0.236846836801876,0.292432255848995
"Female","10 km",32,1805.53030291939,1804.37052688819,1809.26752903313,0.206987725860523,0.271222373671507
"Female","10 km",33,1818.5984089788,1817.06901964462,1821.68237621902,0.169579343355728,0.253676487982663
"Female","10 km",34,1831.61110853217,1829.93306066375,1834.00712676872,0.130814790617445,0.222430737943977
"Female","10 km",35,1844.43640713701,1842.78370009237,1846.20826171305,0.0960648233349659,0.185669812601391
"Female","10 km",36,1857.04778069755,1855.53484505976,1858.31312399332,0.0814699359659338,0.149607294030738
"Female","10 km",37,1869.52641001708,1868.19732832912,1870.76277977438,0.0710918915526419,0.137224669922317
"Female","10 km",38,1881.89197176476,1880.76731823696,1883.55390609125,0.0883118877930733,0.148073741537779
"Female","10 km",39,1894.15210211205,1893.24481389174,1896.23808327253,0.110127436870291,0.158026875320705
"Female","10 km",40,1906.32809939699,1905.6432279879,1908.81346320429,0.130374399248759,0.166300607822874
"Female","10 km",41,1918.45496107827,1917.87533624678,1921.28711818436,0.147626979186578,0.177840085214556
"Female","10 km",42,1930.61742095031,1930.10059526793,1933.68417507571,0.158848360743071,0.185618329602217
"Female","10 km",43,1942.94932716534,1942.25297395946,1946.69299573874,0.192679681402815,0.228519689999139
"Female","10 km",44,1955.54704415896,1954.66889163281,1961.16252929618,0.287156739798093,0.332062462151948
"Female","10 km",45,1968.50984461218,1967.49671529902,1976.11987429551,0.386588347736993,0.438055162390396
"Female","10 km",46,1981.99493285936,1980.94263460435,1991.53148720277,0.481159370556644,0.534252253770525
"Female","10 km",47,1996.24328390868,1995.27158981627,2007.43224232502,0.560500741895014,0.609176877726701
"Female","10 km",48,2011.5825462939,2010.77648092606,2023.92457539906,0.613548229869893,0.653619434968086
"Female","10 km",49,2028.3679732654,2027.25295196927,2041.14326875113,0.629831256168509,0.68480260805419
"Female","10 km",50,2046.78295914079,2045.03352252599,2059.22872197412,0.60806461074675,0.693537113191964
"Female","10 km",51,2066.55509038304,2064.10077485555,2078.21180621631,0.564065090135976,0.682828704951286
"Female","10 km",52,2087.22125671306,2084.08366037333,2097.86497270841,0.509946703595225,0.660270792602688
"Female","10 km",53,2108.34312680302,2104.64063894846,2117.87281018865,0.451998693404263,0.627609949821052
"Female","10 km",54,2129.59135931578,2125.51769135373,2137.98466113846,0.394127342129009,0.585416057883493
"Female","10 km",55,2150.78100297699,2146.54371006865,2158.0565067052,0.338272642270269,0.535284467392097
"Female","10 km",56,2171.82868681476,2167.61900365451,2178.02373739428,0.285245821511245,0.479077093094083
"Female","10 km",57,2192.67915935479,2188.25434171728,2197.84277773848,0.235493567841921,0.437293161669147
"Female","10 km",58,2213.2861840144,2208.40592194815,2217.47478101716,0.22049846520064,0.409746337121477
"Female","10 km",59,2233.63440863823,2228.35062832503,2236.90799248099,0.236555288222642,0.383113911697792
"Female","10 km",60,2253.75511210078,2247.98639635063,2256.17299349546,0.255960184812249,0.363242532468547
"Female","10 km",61,2273.7523683142,2267.59480516552,2275.38875859538,0.2708106315575,0.342779343013494
"Female","10 km",62,2293.92412063805,2287.62396284456,2298.97936176465,0.274645431242216,0.495020686078086
"Female","10 km",63,2314.87200747356,2308.79597158756,2325.15258702215,0.444110063770372,0.706588328934931
"Female","10 km",64,2337.4155428038,2331.96191107173,2354.52585783699,0.732018535851289,0.965337414424404
"Female","10 km",65,2362.55174522543,2358.01417948406,2387.79518378626,1.06848193322518,1.26054400130674
"Female","10 km",66,2391.40148240949,2387.7804084718,2424.896675486,1.4006511797745,1.55207175738664
"Female","10 km",67,2425.31307656806,2422.53496252824,2465.56574009885,1.65968937864942,1.77423599395697
"Female","10 km",68,2465.80286038767,2463.64723966311,2509.69498844865,1.78003395024351,1.86745459360462
"Female","10 km",69,2513.77782318612,2510.88370063671,2557.31303541727,1.73186396305971,1.84699436649952
"Female","10 km",70,2568.43400153142,2564.54899726542,2608.50698696591,1.56021082926775,1.71147047867617
"Female","10 km",71,2628.30626700081,2623.49917550055,2663.40181564256,1.33529144157911,1.5181883726032
"Female","10 km",72,2692.02203387198,2686.52606462272,2721.92073777665,1.11064112880465,1.31479879096742
"Female","10 km",73,2758.36569613052,2752.35313691734,2783.35911008671,0.906095010942594,1.12407043101157
"Female","10 km",74,2826.34022093346,2820.22427106563,2846.85284547746,0.725766289283845,0.942157430821772
"Female","10 km",75,2895.19860199954,2889.20018985574,2912.76999843393,0.6069150635215,0.814099888066952
"Female","10 km",76,2964.41996038833,2958.93056862423,2987.52803984436,0.779514365872837,0.964690280131264
"Female","10 km",77,3033.67879708905,3028.96180548249,3063.10746899314,0.970065516900669,1.12555302635889
"Female","10 km",78,3102.7767100279,3098.9510833179,3139.16725016693,1.17283786556128,1.29613474018448
"Female","10 km",79,3177.14666365752,3174.06283642371,3221.79554321902,1.40531377012678,1.50237656137534
"Female","10 km",80,3307.68299201551,3305.97535357042,3368.08634378125,1.82615298719828,1.87777941116969
"Female","Half Marathon",13,4583.25879458123,4549.54148237604,4593.5212258457,0.735662412191422,0.959573644884708
"Female","Half Marathon",14,4397.34394471605,4371.66124735945,4423.22357823102,0.588528753727935,1.17257898221778
"Female","Half Marathon",15,4292.36609132787,4271.91617940819,4331.94564080885,0.922091653853622,1.39851681155391
"Female","Half Marathon",16,4196.50333993272,4181.06550796145,4247.65066353689,1.21880812335987,1.58668182012003
"Female","Half Marathon",17,4103.39421781032,4091.56196289209,4164.22471139438,1.48244332265312,1.77079619079514
"Female","Half Marathon",18,4015.86039038788,4007.46682481273,4083.17923340769,1.67632428609688,1.88533467886943
"Female","Half Marathon",19,3937.73569689894,3932.76873328682,4006.49394519854,1.74613670373432,1.8722742608089
"Female","Half Marathon",20,3873.52699555645,3871.14829116235,3936.48698441824,1.62539176657377,1.68680102993597
"Female","Half Marathon",21,3826.64475038182,3824.20395723102,3875.8781760537,1.28659514753669,1.35037930598416
"Female","Half Marathon",22,3796.73636997013,3794.64220267474,3827.80457500767,0.818287129000342,0.873444166290397
"Female","Half Marathon",23,3782.27877893049,3779.07002991442,3813.96892388353,0.837858518773669,0.922694915126788
"Female","Half Marathon",24,3781.03525104416,3776.28157749897,3815.33189191513,0.907070116881386,1.03279424346473
"Female","Half Marathon",25,3788.97054117353,3780.25877775405,3822.18860690374,0.87670424906275,1.10662853389986
"Female","Half Marathon",26,3802.2208771329,3788.60902187879,3831.92788895465,0.781306840967836,1.13930432964535
"Female","Half Marathon",27,3818.01775864933,3802.39875812203,3842.87683537542,0.651099033517578,1.0601856725703
"Female","Half Marathon",28,3834.34285704654,3818.77816963576,3853.84641655437,0.508654552682724,0.914582973564043
"Female","Half Marathon",29,3849.80478500458,3835.66027090486,3864.04984950033,0.370020437172202,0.737429043312657
"Female","Half Marathon",30,3863.54783521446,3850.85072149267,3873.05824124522,0.328638708858675,0.57479603462226
"Female","Half Marathon",31,3875.43744190419,3863.97051370619,3881.0326114865,0.295887325492939,0.440262500326492
"Female","Half Marathon",32,3886.303589912,3877.14037033664,3897.35423654502,0.284348517231279,0.520130909506079
"Female","Half Marathon",33,3897.65591645035,3891.30091978228,3919.09933687443,0.550161966159636,0.713208597373235
"Female","Half Marathon",34,3911.36764017836,3907.79825333498,3942.80580741131,0.803764057103917,0.89502080338152
"Female","Half Marathon",35,3929.68897905487,3927.22095076459,3967.15025961691,0.953288689300934,1.0160933617175
"Female","Half Marathon",36,3953.96270442765,3949.96555839998,3991.45492262388,0.948218812338418,1.04931096536242
"Female","Half Marathon",37,3982.35825328203,3977.14014879755,4015.64628908589,0.835887524092542,0.966918037989157
"Female","Half Marathon",38,4012.40553155143,4007.02169439421,4039.80671357295,0.682911580249336,0.817091366287388
"Female","Half Marathon",39,4042.7101837627,4037.98148806381,4064.24279991136,0.532628241201611,0.649596697607164
"Female","Half Marathon",40,4072.89346069389,4068.12868122622,4088.78784934213,0.390248082883397,0.507235662196451
"Female","Half Marathon",41,4102.90616055165,4098.38507869832,4121.15163838982,0.444696445012445,0.554888627734104
"Female","Half Marathon",42,4132.87027855741,4129.10723363452,4153.73433427482,0.504832097577942,0.595883707458219
"Female","Half Marathon",43,4163.75323966395,4160.49576942634,4186.07208422467,0.536027071635945,0.614261060302158
"Female","Half Marathon",44,4197.48498283296,4195.15587554451,4218.3215202377,0.496405287689213,0.551893450195433
"Female","Half Marathon",45,4235.80727854904,4233.03628992096,4251.57934906157,0.372350994163636,0.437769188284894
"Female","Half Marathon",46,4278.35481047074,4274.45605604703,4287.74498962263,0.219481075503831,0.310608497057828
"Female","Half Marathon",47,4324.05924382389,4319.7805070075,4338.70855948917,0.338786192307583,0.437738046922085
"Female","Half Marathon",48,4372.27937846586,4368.67278816731,4392.93289037837,0.472374021070794,0.554861666217967
"Female","Half Marathon",49,4423.47777066544,4420.99034692741,4447.12891773393,0.534673130389343,0.590905440507907
"Female","Half Marathon",50,4478.02265716378,4474.40725250153,4501.0399032677,0.514004681666822,0.594741313413555
"Female","Half Marathon",51,4534.25504057555,4529.94558988192,4554.56114936564,0.447837816981535,0.542879905594974
"Female","Half Marathon",52,4590.44205975129,4586.21338402591,4607.55534105592,0.372802468299903,0.46492160781481
"Female","Half Marathon",53,4646.22874050746,4642.4068205679,4659.91981703794,0.29467073825083,0.376929278521193
"Female","Half Marathon",54,4701.5853792127,4698.35835169993,4711.71920619157,0.21554063494578,0.284177642518488
"Female","Half Marathon",55,4756.59337914652,4753.98279319353,4764.56653396633,0.16762321653899,0.222506738103861
"Female","Half Marathon",56,4811.42886371607,4808.27565379146,4820.41398608823,0.186745406129092,0.252281237873029
"Female","Half Marathon",57,4866.25113133503,4862.6940383292,4884.38366600277,0.372618144406527,0.445715337909788
"Female","Half Marathon",58,4921.25627332413,4918.00491363866,4950.3804241949,0.591803174905495,0.657870851630535
"Female","Half Marathon",59,4977.88086241846,4975.29868356488,5016.68744948803,0.779580470929785,0.831453525447378
"Female","Half Marathon",60,5038.90203792442,5036.66145229227,5082.88832252671,0.872933910427871,0.917399661404762
"Female","Half Marathon",61,5106.33656414091,5103.21233921823,5149.05446536555,0.836566502972465,0.897749797168392
"Female","Half Marathon",62,5178.30510910617,5173.86145499864,5215.54013233453,0.719058117353587,0.80487102358249
"Female","Half Marathon",63,5251.81289149155,5246.44172665246,5282.81877266029,0.590384345546179,0.692656931224025
"Female","Half Marathon",64,5325.15461827768,5319.10461021424,5350.69349154449,0.479589328338957,0.593201204371165
"Female","Half Marathon",65,5397.95199198505,5391.45013495169,5418.4292693696,0.379352714047092,0.499803156048394
"Female","Half Marathon",66,5470.02410538378,5463.38681796465,5485.76251138962,0.287720962515453,0.409060234358902
"Female","Half Marathon",67,5541.32019635911,5533.93482144703,5553.5378507157,0.220482735587245,0.35376099149702
"Female","Half Marathon",68,5611.98644789464,5603.21675548368,5626.09456069493,0.251392495888424,0.407659666031968
"Female","Half Marathon",69,5682.20760011742,5672.01383034147,5698.15451526282,0.28064647171774,0.460044524258794
"Female","Half Marathon",70,5752.51744368604,5740.885740625,5770.01404705493,0.304155589968613,0.506357550673684
"Female","Half Marathon",71,5825.45483429279,5812.66323552215,5842.96781951046,0.300628632713266,0.520209749287041
"Female","Half Marathon",72,5904.61885230014,5891.7424828173,5923.63938595791,0.32212974509532,0.540202575957611
"Female","Half Marathon",73,5993.82973520153,5982.94670011863,6023.07364933529,0.48790031458545,0.669470955789628
"Female","Half Marathon",74,6098.73464770936,6091.42954459531,6134.75982230593,0.590699164294613,0.710479799722003
"Female","Half Marathon",75,6226.64439408091,6221.74983350162,6262.32671613548,0.573058613857718,0.651665328317591
"Female","Half Marathon",76,6383.38460977164,6371.76262243358,6411.14655698602,0.434909517622973,0.616975741868275
"Female","Half Marathon",77,6565.8161818678,6535.03224195285,6592.5158703395,0.468851686709695,0.87549859445352
"Female","Half Marathon",78,6764.73136774198,6709.63241022167,6795.05466950452,0.814503259997126,1.26275907555154
"Female","Half Marathon",79,6989.43575046455,6905.92652308715,7022.12566732555,1.19479211711548,1.66249677923831
"Female","Half Marathon",80,7393.1133704705,7261.44222927051,7428.34140586609,1.78099718754366,2.25749516113485
"Female","Marathon",13,9272.5673889105,9137.00817819118,9348.27645100379,1.46193826406105,2.27842261966493
"Female","Marathon",14,9020.99781574208,8939.04474274707,9088.3811684172,0.908470156726957,1.65543134717905
"Female","Marathon",15,8881.87134547719,8827.34505452192,8944.10587676368,0.700691654559753,1.31459708996148
"Female","Marathon",16,8757.56388212396,8724.92121655463,8814.36647842738,0.648611840781082,1.02134866586959
"Female","Marathon",17,8638.92098200258,8624.06366406312,8689.29499670261,0.583105399447193,0.755086575920654
"Female","Marathon",18,8527.61356104218,8523.00789368054,8570.58155879821,0.503868959920094,0.55787782569099
"Female","Marathon",19,8424.38367613718,8419.26320846439,8459.7667150914,0.42000744878761,0.480788959573905
"Female","Marathon",20,8329.54822696171,8322.94503637591,8359.54207576469,0.360089742993408,0.439364037419418
"Female","Marathon",21,8243.43520444098,8235.72373392496,8283.32148597083,0.48385509851962,0.577401906673871
"Female","Marathon",22,8166.52366292078,8158.25592501007,8216.11875813372,0.607297514340415,0.708536894178893
"Female","Marathon",23,8099.63596837397,8091.53870821533,8158.23435047623,0.723469330363344,0.823439998060671
"Female","Marathon",24,8044.06875928455,8036.91514531425,8110.3361138014,0.823803929328312,0.912734222993961
"Female","Marathon",25,8001.63388816074,7995.93414063011,8073.40844448809,0.896998754636145,0.968231050568394
"Female","Marathon",26,7974.32958016285,7968.0578857508,8048.01801259781,0.924070565358503,1.00271911316432
"Female","Marathon",27,7962.94016701634,7955.69318253516,8033.32886782185,0.883953656930253,0.974962559787554
"Female","Marathon",28,7965.36700317185,7957.53031274368,8028.00555077705,0.78638620895008,0.884770758275275
"Female","Marathon",29,7978.6593440867,7969.60292574746,8031.05209081489,0.656661031242315,0.770169052435762
"Female","Marathon",30,8000.21202412378,7989.00231726984,8041.82045271647,0.520091573413664,0.660209195548403
"Female","Marathon",31,8027.73627843042,8014.76728642153,8059.48070457246,0.395434342148624,0.556986634838433
"Female","Marathon",32,8059.16804399579,8045.08592610152,8083.61814626594,0.303382460034016,0.478116599059234
"Female","Marathon",33,8092.82494178857,8078.43424853047,8126.95126135258,0.421686120847449,0.599506515599763
"Female","Marathon",34,8127.49630148046,8113.51889143458,8173.26631768973,0.563150255767458,0.735127080208888
"Female","Marathon",35,8162.41806718191,8149.39566105167,8221.83345935321,0.727914101952123,0.887455135296138
"Female","Marathon",36,8197.2262897832,8185.38758623818,8272.1456753411,0.91396019713738,1.0583834828502
"Female","Marathon",37,8231.86384838066,8219.3171915839,8323.76694175108,1.11643116386698,1.26884691111266
"Female","Marathon",38,8266.37015229785,8253.04384080265,8376.35652527707,1.33052804257321,1.49173920599418
"Female","Marathon",39,8300.97157862247,8287.38212124577,8429.69043204078,1.55064804401687,1.71435728272455
"Female","Marathon",40,8336.37076778051,8322.70261900533,8483.71825053877,1.76752554394221,1.93148356783445
"Female","Marathon",41,8373.7922282422,8359.91297927617,8538.576323596,1.96785507524336,2.13360135348539
"Female","Marathon",42,8414.94546416412,8401.53529776821,8594.41432992829,2.13273949936408,2.29210079829365
"Female","Marathon",43,8461.96995138513,8449.88648535117,8651.1047419302,2.23511536476347,2.3779126815038
"Female","Marathon",44,8517.58250323066,8507.65572045451,8708.57067152707,2.24228140113662,2.35882600487107
"Female","Marathon",45,8585.07719934999,8577.63268223108,8767.18038767753,2.12115959005387,2.20787421062222
"Female","Marathon",46,8666.43090301516,8660.09184398777,8827.73530535092,1.86125527499031,1.93440025356718
"Female","Marathon",47,8759.42231711484,8751.88077130584,8891.26978715549,1.50520736719169,1.59130375044602
"Female","Marathon",48,8860.28755739432,8850.34123649582,8959.08463224335,1.11505494837558,1.22731226320956
"Female","Marathon",49,8965.6285945651,8953.27620979844,9032.80264078751,0.749239671417281,0.887014559551129
"Female","Marathon",50,9072.84294914729,9058.4781214391,9114.09925798369,0.454723057233923,0.613050802888816
"Female","Marathon",51,9180.01884442556,9164.18294761546,9204.13373495332,0.262688900060397,0.435192868499594
"Female","Marathon",52,9285.99836901364,9269.34520457622,9320.53057636168,0.371873932944752,0.55121021726929
"Female","Marathon",53,9389.96354138327,9371.96735005988,9435.18922676154,0.4816385620557,0.673292035938497
"Female","Marathon",54,9491.5502424556,9472.6660868701,9547.40465012194,0.588464542035547,0.787422089571212
"Female","Marathon",55,9590.90128481198,9572.21077305748,9656.93204252198,0.688472915622275,0.883350447977892
"Female","Marathon",56,9688.71170018269,9671.25857363021,9764.06559391891,0.777749365117365,0.957888139936614
"Female","Marathon",57,9786.66558732315,9771.72601342442,9869.50155120959,0.846416618074043,0.999068956763081
"Female","Marathon",58,9888.73553787758,9876.96056765432,9974.53329489114,0.867631222262207,0.986705801394766
"Female","Marathon",59,10000.6059128817,9990.69866988487,10082.3578882055,0.817470221664402,0.916536649070515
"Female","Marathon",60,10127.5407538466,10119.9948328287,10205.9339463968,0.774059512131716,0.848568429955971
"Female","Marathon",61,10271.5255091471,10260.8706102452,10375.6536993115,1.01375584446198,1.11748823447925
"Female","Marathon",62,10432.8710173944,10417.4332200918,10557.1486696102,1.19121239022897,1.33918505544073
"Female","Marathon",63,10609.8891267053,10589.6661613425,10743.9402601729,1.26345461169998,1.45405948156541
"Female","Marathon",64,10796.5088557336,10772.7950767496,10930.8433682232,1.24424028437909,1.46388331251833
"Female","Marathon",65,10986.1408106726,10961.0311623692,11115.4779100197,1.17727509210018,1.40583258773148
"Female","Marathon",66,11174.8817561647,11146.3745612927,11296.6920751648,1.09003675974364,1.34513739967846
"Female","Marathon",67,11361.1142547538,11330.2755694574,11473.6826355845,0.990821659799614,1.26226233546674
"Female","Marathon",68,11544.0584212169,11512.3252164503,11646.07522191,0.883716947460893,1.15860471750389
"Female","Marathon",69,11723.5093404248,11692.0694278273,11814.0357857492,0.772178728192068,1.04035706698616
"Female","Marathon",70,11899.808155395,11868.3437921039,11978.2087109988,0.658838819752294,0.92324949663275
"Female","Marathon",71,12073.8020496448,12043.5058756347,12139.6833531766,0.545654991368521,0.796579877212461
"Female","Marathon",72,12246.9273265988,12216.3774381145,12316.074686434,0.564609864916573,0.814059279203092
"Female","Marathon",73,12422.1714997199,12392.9551047883,12526.4345221057,0.839330083216347,1.07452563604039
"Female","Marathon",74,12604.8598530826,12579.7275516051,12755.7795021586,1.19731318582749,1.39669899233702
"Female","Marathon",75,12802.0382503305,12768.9089291835,13010.2682821884,1.62653811671341,1.8853197302287
"Female","Marathon",76,13020.7899934798,12973.7339506496,13291.0851175953,2.07587346275314,2.43726507458144
"Female","Marathon",77,13263.7079017319,13200.4951838,13591.5861041651,2.47199504740548,2.9485791097226
"Female","Marathon",78,13523.8940061041,13434.4192890132,13903.0112256924,2.80331404118681,3.4649187317481
"Female","Marathon",79,13816.1290167048,13697.2812284556,14245.85946268,3.11035345324007,3.97056392250738
"Female","Marathon",80,14342.5385767878,14144.8124027991,14856.5351851132,3.5837212887632,4.96232085068992
"Male","5 km",13,875.821156526898,845.340927473326,900.831472902292,3.48018871506175,6.33583066764634
"Male","5 km",14,837.356130111763,822.061623990435,856.935606389617,2.3382495898419,4.16477304519494
"Male","5 km",15,817.319221375489,809.11523538393,833.383974520169,1.96554207028739,2.96930972642454
"Male","5 km",16,801.331216726756,797.92165294299,813.543785004351,1.52403500857998,1.9495224615327
"Male","5 km",17,788.701481299122,787.716891606332,796.604488089648,1.00202763376438,1.12686443401586
"Male","5 km",18,779.554059893023,779.164950680098,783.555089839043,0.513245989196548,0.563160322652525
"Male","5 km",19,773.607671114723,773.368149610694,776.10657498295,0.323019530639723,0.353981155371739
"Male","5 km",20,770.530416607228,769.787361555012,773.785298114937,0.422420898326129,0.518855125476803
"Male","5 km",21,769.90928877308,767.9920133229,773.550727270898,0.47296980967992,0.721995958362334
"Male","5 km",22,771.133832281908,768.557733680924,774.808030199324,0.476466958600966,0.810533302618133
"Male","5 km",23,773.586508073984,770.737769221742,777.044061033771,0.446951042152454,0.815201887081734
"Male","5 km",24,776.766859815856,773.924064616862,779.854163172631,0.397455596587518,0.763433516869498
"Male","5 km",25,780.308474182834,777.659830311955,782.946435142826,0.339435487183792,0.677501911844134
"Male","5 km",26,783.943029810933,781.603742601888,786.107938194586,0.298400154104261,0.574556494721943
"Male","5 km",27,787.473688757696,785.502273824492,789.18078054209,0.250346768577659,0.467127571386068
"Male","5 km",28,790.762166711619,789.174947349294,792.052062768371,0.200720194913382,0.363840803239432
"Male","5 km",29,793.71511535,792.498508822937,794.643068412149,0.153279999780079,0.270192610388554
"Male","5 km",30,796.279736423793,795.400201535463,796.994278282113,0.110455515580478,0.200190545323835
"Male","5 km",31,798.452692009269,797.857411867896,799.281067963141,0.103747656205842,0.178301871794413
"Male","5 km",32,800.279707614176,799.835518011747,801.197812022219,0.114722939905589,0.170227233992062
"Male","5 km",33,801.837036414042,801.545023214078,802.800199595492,0.120119567656428,0.156537591107904
"Male","5 km",34,803.232142771009,802.969678851525,804.171664450361,0.1169676397799,0.149643612952227
"Male","5 km",35,804.590859860744,804.290940181988,805.425557455237,0.103741868834782,0.141017917285966
"Male","5 km",36,806.024322391919,805.638353092438,806.694033586501,0.083088211605645,0.130973776440162
"Male","5 km",37,807.671411340435,807.261571942598,808.41564752879,0.0921459120509918,0.142889245550655
"Male","5 km",38,809.762178008731,809.419908177484,810.930741866445,0.144309513268174,0.186577458171261
"Male","5 km",39,812.623704232545,812.398556680093,814.854520495325,0.274520205497397,0.302226455177218
"Male","5 km",40,816.595713202832,816.415164457335,820.140942820294,0.434147468587243,0.456257399190317
"Male","5 km",41,821.913656546111,821.51415838425,826.586175991647,0.568492737445395,0.617098592656495
"Male","5 km",42,828.580324780302,827.918972409533,833.768299863286,0.626128201192749,0.705945733783171
"Male","5 km",43,836.156540433187,835.276175128845,841.253630468513,0.609585620497082,0.714872760137951
"Male","5 km",44,844.078058202708,843.102664302192,848.733677201599,0.551562613628935,0.667119923884338
"Male","5 km",45,851.97704585893,851.019608389256,856.125677608731,0.486941728062435,0.599320045568484
"Male","5 km",46,859.769706724766,858.799072612412,863.395118243856,0.421672395611738,0.534567058538537
"Male","5 km",47,867.421934610106,866.478392791776,870.514592855907,0.356534475600003,0.465309891655589
"Male","5 km",48,874.915414392888,874.045283362513,877.478174202628,0.292915151291266,0.39236831168383
"Male","5 km",49,882.249596912785,881.487909101354,884.293665368956,0.231688227835365,0.31802295828981
"Male","5 km",50,889.437320200845,888.809519197765,890.980143786196,0.173460630705624,0.244044694227779
"Male","5 km",51,896.503893076193,896.026191177864,897.972893528042,0.163858792270074,0.217143769838812
"Male","5 km",52,903.479809694977,903.160860937046,905.200115344928,0.190408864868003,0.225711121156218
"Male","5 km",53,910.419677993638,910.160302820753,912.404891505478,0.218054767468949,0.246544394742429
"Male","5 km",54,917.497476520694,917.181648715523,919.66826247056,0.236598574428544,0.27102131816933
"Male","5 km",55,924.830437756302,924.322111075937,926.92373897023,0.226344325237146,0.28130863648959
"Male","5 km",56,932.254334884194,931.570827376148,934.117017862088,0.199804163755893,0.273121871431759
"Male","5 km",57,939.628419805785,938.802047525054,942.177879284881,0.271326348305076,0.359273058229188
"Male","5 km",58,946.914408824321,945.99280957643,950.158883635874,0.342636544688432,0.439963107607252
"Male","5 km",59,954.110647241407,953.171420500077,958.000171990152,0.407659715358018,0.506099738435613
"Male","5 km",60,961.288252886877,960.467672338404,965.720627954821,0.461086989738254,0.546449579576344
"Male","5 km",61,968.755511590425,968.149149104565,973.358893905971,0.475185148416662,0.537777048912301
"Male","5 km",62,976.81732133579,976.117588598522,980.963889376285,0.424497800143984,0.496131740491231
"Male","5 km",63,985.408620865929,984.47291548069,988.660300901622,0.329982909306779,0.424938987975526
"Male","5 km",64,994.312572771724,993.273475849357,998.293547324625,0.40037455644395,0.504878607868195
"Male","5 km",65,1003.37110507385,1002.4326252137,1008.95240236176,0.556254536301338,0.649787213832291
"Male","5 km",66,1012.62506847818,1011.86974182403,1019.6007726061,0.688873339705846,0.763464289275141
"Male","5 km",67,1022.32525369932,1021.76858855117,1030.21402027909,0.771649389587708,0.826100274580583
"Male","5 km",68,1032.72742384413,1031.66848436649,1040.80249758643,0.781917237390569,0.884455376030742
"Male","5 km",69,1043.81288510118,1042.21512631029,1051.38735162113,0.725653671080341,0.878723135319702
"Male","5 km",70,1055.50758619379,1053.4777828118,1062.09647932646,0.624239296699874,0.81654519847977
"Male","5 km",71,1067.83043455153,1065.62339206365,1073.34999754063,0.516895080950978,0.723579814450601
"Male","5 km",72,1080.97934822304,1078.93176310198,1088.19859910147,0.667843552265206,0.857263000881167
"Male","5 km",73,1095.4029515725,1093.77034085495,1104.25249274033,0.807879981984643,0.956922004850417
"Male","5 km",74,1111.74159691108,1110.63226806624,1121.80277751283,0.904992727599833,1.00477570306125
"Male","5 km",75,1130.70679029142,1130.08730128468,1140.86368697231,0.898278560640373,0.953066328083971
"Male","5 km",76,1152.740047282,1150.40797939737,1161.37600691975,0.749168006968269,0.951474493164307
"Male","5 km",77,1177.48214442784,1172.82909390023,1183.3238640011,0.49611958881116,0.891289107909737
"Male","5 km",78,1204.29288210512,1196.84314705659,1210.51576984411,0.618598279474129,1.13532372321416
"Male","5 km",79,1234.95025704975,1224.15862669167,1242.9801842853,0.873851420045114,1.52407414680735
"Male","5 km",80,1290.80569447315,1274.17075124958,1301.71330356526,1.28872558393601,2.13374890067628
"Male","10 km",14,1644.70033978856,1616.12108416917,1667.11961580831,1.73765730619772,3.1007795405272
"Male","10 km",15,1629.30414178015,1609.28181128488,1650.25654050805,1.28597222523508,2.51486068024104
"Male","10 km",16,1620.9046513294,1605.45613905623,1640.96570517465,1.23764552275106,2.19072516630118
"Male","10 km",17,1613.60287529396,1602.06630791544,1632.74473914268,1.18628097047933,1.90123801196426
"Male","10 km",18,1606.98300869648,1598.99184063348,1625.05325112646,1.1244824825271,1.62176017742175
"Male","10 km",19,1601.3534813899,1596.47870022406,1618.11847877534,1.04692671419992,1.35134302343399
"Male","10 km",20,1597.04970994604,1594.81050481278,1612.17316503793,0.946962076240207,1.08717093256531
"Male","10 km",21,1594.28930657131,1593.38424949571,1607.4026678425,0.822520807054348,0.879289492127027
"Male","10 km",22,1592.9853189804,1591.65468775963,1603.92419524107,0.686690337339444,0.770221001741325
"Male","10 km",23,1592.91946770065,1591.17467419793,1601.7421910564,0.553871274389358,0.663405594114632
"Male","10 km",24,1593.86544939907,1591.73837984872,1600.77569816369,0.433552830148396,0.567006350402957
"Male","10 km",25,1595.61107984633,1593.15574936868,1600.85620631828,0.328722113941146,0.482602373903161
"Male","10 km",26,1597.96975576808,1595.26432056503,1602.50268628012,0.283668104209858,0.452972635368284
"Male","10 km",27,1600.78322155686,1597.93067815789,1605.40791963052,0.288902208080664,0.467098940814526
"Male","10 km",28,1603.93484639736,1601.05263243057,1608.47950100395,0.283344090739759,0.46304053996094
"Male","10 km",29,1607.3561202866,1604.54966644757,1611.68640074482,0.269403923845231,0.444004549282887
"Male","10 km",30,1611.01836856039,1608.37086726845,1615.03313133719,0.249206517762624,0.413543644117148
"Male","10 km",31,1614.921678802,1612.49511684094,1618.54886828709,0.224604668616149,0.374863470198766
"Male","10 km",32,1619.087378476,1616.92504318285,1622.28021953168,0.197200046033401,0.330752769740884
"Male","10 km",33,1623.55923347634,1621.68801408544,1626.29278571977,0.168367878859231,0.283622028650719
"Male","10 km",34,1628.40179200945,1626.8342341207,1631.1240733668,0.167175040626231,0.263438622283094
"Male","10 km",35,1633.70871253097,1632.44479939466,1636.53862964673,0.173220421367374,0.250585078029367
"Male","10 km",36,1639.60752201152,1638.63617009394,1642.47743793246,0.175036762298913,0.234279715539024
"Male","10 km",37,1646.25732141221,1645.50309629244,1649.07940841655,0.17142441631857,0.217238950289905
"Male","10 km",38,1653.84382276112,1653.29136589783,1656.50735218856,0.161050843542713,0.194455259104492
"Male","10 km",39,1662.57739030284,1662.21351367567,1664.95087859276,0.142759567390354,0.164645864490951
"Male","10 km",40,1672.64869030398,1672.41551543545,1674.90638400363,0.134977160042095,0.148917616868605
"Male","10 km",41,1684.1229716365,1683.78160311365,1686.72154998603,0.154298610807536,0.174568420590168
"Male","10 km",42,1696.92041757013,1696.32252996527,1700.09536230937,0.187100391177023,0.22233407677981
"Male","10 km",43,1710.88447001352,1709.99246668965,1714.45050157687,0.208432049378394,0.260569019437038
"Male","10 km",44,1725.77358631957,1724.57128018735,1729.53689897537,0.218065259871603,0.287732923217117
"Male","10 km",45,1741.32359792415,1739.82327893696,1745.12075178663,0.218061356717854,0.304221045185613
"Male","10 km",46,1757.28261960038,1755.52691157803,1760.98356085614,0.210605921579236,0.310516317480269
"Male","10 km",47,1773.41952079528,1771.48041989484,1776.93242406959,0.198086421916716,0.307428902796217
"Male","10 km",48,1789.55405361961,1787.51907072127,1792.83063433204,0.183094816599819,0.296809341971466
"Male","10 km",49,1805.58110139926,1803.5258077274,1808.59321277913,0.166822269990295,0.28065230898854
"Male","10 km",50,1821.4388964422,1819.42451050721,1824.16768937304,0.149815233229761,0.260408343925063
"Male","10 km",51,1837.08828968769,1835.12782573279,1840.03227861793,0.160252990929273,0.266968817593715
"Male","10 km",52,1852.50390973868,1850.37275551969,1855.8282627735,0.179451876853556,0.294493697159192
"Male","10 km",53,1867.68162589219,1865.40792963371,1871.37758713224,0.197890325032622,0.319629288834528
"Male","10 km",54,1882.64191287661,1880.26228521791,1886.69164169826,0.215108820958191,0.34150713613584
"Male","10 km",55,1897.42537972913,1894.98588447935,1901.80037680598,0.230575448373013,0.359144153938089
"Male","10 km",56,1912.09023559621,1909.65548169555,1916.74942923398,0.243670175760256,0.371004851463717
"Male","10 km",57,1926.72672832618,1924.40393712586,1931.60134643356,0.252999973255665,0.373556311950575
"Male","10 km",58,1941.50824270315,1939.45113863474,1946.46920755253,0.255521184008591,0.361475102882842
"Male","10 km",59,1956.68861476386,1955.08584316384,1961.55468726437,0.2486891610552,0.330601611913552
"Male","10 km",60,1972.55347193029,1971.62548441502,1977.78014310267,0.264969809273048,0.312014795808192
"Male","10 km",61,1989.36229475277,1988.50518467725,1995.44533836083,0.305778571560467,0.348863236318896
"Male","10 km",62,2007.26779969637,2006.09187947363,2014.0359468082,0.337182069719666,0.395765195644032
"Male","10 km",63,2026.30921813327,2024.81879827795,2033.42023675664,0.350934524688567,0.424487950887485
"Male","10 km",64,2046.3730350311,2044.6357375242,2053.47717275178,0.347157512294395,0.432053935241627
"Male","10 km",65,2067.34031893896,2065.47602300701,2074.81271204703,0.361449590065686,0.451628063095864
"Male","10 km",66,2089.17560913105,2087.30408783312,2099.57225569552,0.497643497226121,0.587225305942931
"Male","10 km",67,2111.91985881306,2109.79633546366,2125.67463054738,0.651292314759239,0.751841743305895
"Male","10 km",68,2135.66455432821,2133.2871350179,2153.20075163793,0.821111970706316,0.932431854977871
"Male","10 km",69,2160.54207134083,2157.9942479427,2182.24456354643,1.00449292302526,1.12241811559273
"Male","10 km",70,2186.73040814967,2184.12508847785,2212.81196320565,1.19271927434577,1.31186151804029
"Male","10 km",71,2214.44956216658,2211.92769967832,2244.66723477457,1.36456811318969,1.47845025037392
"Male","10 km",72,2243.99387766389,2241.69679074717,2277.50738578038,1.4934759158695,1.59584192228245
"Male","10 km",73,2275.72311847381,2272.59343813516,2311.08272606453,1.55377459163083,1.69129924536589
"Male","10 km",74,2309.81411975029,2304.18292644391,2345.17597604972,1.53093948110668,1.77473370066013
"Male","10 km",75,2345.92559918638,2337.3193277367,2379.56760568605,1.43406110199477,1.80092147696456
"Male","10 km",76,2383.50749167801,2371.5420824957,2414.03758665243,1.28088940693529,1.78289786397126
"Male","10 km",77,2422.02957149836,2406.42286789628,2448.41779826902,1.08950885989118,1.73387356070806
"Male","10 km",78,2461.03932851152,2441.62258227733,2482.5581207801,0.874378236027787,1.66334353248782
"Male","10 km",79,2503.49385928162,2479.90292634896,2519.0832161329,0.942320383379237,1.56502440134528
"Male","10 km",80,2578.61189317165,2547.76626510802,2587.17659130946,1.1962105714828,1.5283543175226
"Male","Half Marathon",13,4122.63121410232,3942.47717729698,4134.96243145076,4.36987999773247,4.66899036458418
"Male","Half Marathon",14,3888.97033192751,3801.28157553399,3900.64670251591,2.25480651455798,2.555049756131
"Male","Half Marathon",15,3767.73484686905,3722.84515681885,3781.78917244267,1.19142380965324,1.56444171417219
"Male","Half Marathon",16,3670.98456210125,3654.68604611927,3686.00800766259,0.443982144469932,0.853230543835062
"Male","Half Marathon",17,3592.66870263485,3590.78723874167,3605.99655217076,0.370973519660745,0.423343054647396
"Male","Half Marathon",18,3532.5694741843,3532.00633094124,3542.52911746215,0.281937647670895,0.297879110313777
"Male","Half Marathon",19,3488.68492413269,3488.07241054905,3499.61408710362,0.31327457791693,0.330831726153514
"Male","Half Marathon",20,3458.90483519664,3457.78006368188,3468.54906861051,0.2788233233748,0.311341463316624
"Male","Half Marathon",21,3441.14457711145,3439.02238226126,3448.86390078109,0.224324305377459,0.28599549653601
"Male","Half Marathon",22,3433.10393441379,3429.61424009903,3440.54890228186,0.216858213741806,0.318506587383338
"Male","Half Marathon",23,3432.47843235821,3427.58472106739,3439.25736741289,0.197493886364136,0.340064666844225
"Male","Half Marathon",24,3437.24012464814,3431.15059917436,3443.13369026247,0.177163225522367,0.348625369585946
"Male","Half Marathon",25,3445.70602342337,3438.88724500958,3450.62531553771,0.197892053687708,0.340657921724535
"Male","Half Marathon",26,3456.47799586881,3449.55987879577,3460.42789654882,0.200149316191688,0.314424618529151
"Male","Half Marathon",27,3468.51480758884,3461.60676200175,3471.5632319024,0.199164367757076,0.287052829610915
"Male","Half Marathon",28,3481.08988728765,3474.47336083762,3483.34295705384,0.190070542969726,0.254793656682518
"Male","Half Marathon",29,3493.80250526589,3487.9619595726,3495.66521086106,0.167168741921846,0.220483306564834
"Male","Half Marathon",30,3506.44551142058,3501.67598032475,3508.62789355673,0.136021822677468,0.198260979939264
"Male","Half Marathon",31,3518.92024381579,3515.3483951242,3521.36709731356,0.101504110468862,0.171038323472492
"Male","Half Marathon",32,3531.27854518877,3528.89222383197,3533.88208715228,0.073728025988116,0.141304721688063
"Male","Half Marathon",33,3543.73513819988,3542.40571370312,3546.3199410155,0.0729400678892923,0.110454849466067
"Male","Half Marathon",34,3556.66569941761,3555.32543141923,3558.98764649209,0.0652843778615078,0.102967649544885
"Male","Half Marathon",35,3570.44797003201,3568.74926330006,3572.2865553195,0.0514945268189778,0.0990713784131606
"Male","Half Marathon",36,3585.23708304033,3583.54245606317,3586.56130848948,0.0472668037819365,0.0842023095374627
"Male","Half Marathon",37,3601.09978259116,3599.69783435646,3601.97863391764,0.0389311132525027,0.0633361944648864
"Male","Half Marathon",38,3618.16148190795,3616.37652712175,3619.26687506247,0.0493331985079515,0.0798844373080951
"Male","Half Marathon",39,3636.67310778247,3634.6139388158,3641.46024931565,0.131635189397113,0.188257517157454
"Male","Half Marathon",40,3657.06845908557,3654.92030111688,3667.5515673553,0.286653323201641,0.34539321261636
"Male","Half Marathon",41,3679.95498783426,3677.98448589404,3697.74570060672,0.48344919520162,0.536996098539476
"Male","Half Marathon",42,3706.09486555983,3704.5762003385,3730.73457639204,0.664842960745266,0.705820466082258
"Male","Half Marathon",43,3736.4274705908,3734.69517793642,3764.80596593761,0.759508797378849,0.805871069040969
"Male","Half Marathon",44,3771.1032466759,3768.76448667939,3798.84108434939,0.735536416244721,0.797554341597603
"Male","Half Marathon",45,3808.07837349647,3805.40371031981,3832.5481767044,0.642576144919559,0.712812702950393
"Male","Half Marathon",46,3845.24993339132,3842.63622001297,3865.80369645405,0.53452346190153,0.602495984458785
"Male","Half Marathon",47,3882.00199650004,3879.60029665666,3898.53013616869,0.425763296452525,0.487630854623302
"Male","Half Marathon",48,3918.16559249769,3916.08135893617,3930.75020828706,0.321186419825292,0.374380536110535
"Male","Half Marathon",49,3953.60857639408,3951.89816442313,3965.79084929837,0.30813047546036,0.35139252171254
"Male","Half Marathon",50,3988.26602831185,3986.65897829225,4001.05822994144,0.320745946704127,0.36104040068974
"Male","Half Marathon",51,4022.08351424998,4020.21163584268,4034.92117181709,0.319179289082957,0.365719307475656
"Male","Half Marathon",52,4054.83893297068,4052.55123604902,4067.23868363865,0.305801312282558,0.362220246782265
"Male","Half Marathon",53,4086.3639798537,4083.64095691142,4097.94274439198,0.283351277452723,0.349988095800474
"Male","Half Marathon",54,4116.59758675242,4113.33869877394,4129.22868634224,0.306833478950256,0.385998078107778
"Male","Half Marathon",55,4145.57386687615,4141.84606981502,4162.57932587429,0.410207598374174,0.500129939184841
"Male","Half Marathon",56,4173.39931306273,4169.31455173908,4195.3864472151,0.52683993318228,0.624716053276175
"Male","Half Marathon",57,4200.21453093236,4195.93386419979,4227.56290080213,0.651118405223247,0.753033835995804
"Male","Half Marathon",58,4226.22133578273,4221.95038137018,4259.07525921254,0.777382934292622,0.878441399366191
"Male","Half Marathon",59,4251.93026143545,4247.96522795079,4290.01568609023,0.895720821204846,0.988973373360143
"Male","Half Marathon",60,4279.42267202206,4276.2003927796,4320.63869622302,0.963121134783544,1.03841818977022
"Male","Half Marathon",61,4311.3579666257,4308.06456475796,4351.59562243574,0.933294245606919,1.00968321384465
"Male","Half Marathon",62,4348.33814357743,4343.44859130611,4384.19519756147,0.824615124217092,0.937061583298106
"Male","Half Marathon",63,4390.01402651675,4383.8821272411,4429.0309923395,0.888766313435043,1.02844466613749
"Male","Half Marathon",64,4436.19419774793,4429.71487487933,4488.27545591049,1.17400762547779,1.32006351437208
"Male","Half Marathon",65,4487.21487574027,4481.55053776361,4550.59877696028,1.41254437273986,1.53877719495847
"Male","Half Marathon",66,4544.38197450136,4540.24611087869,4615.23353347857,1.55910219199797,1.65011266703909
"Male","Half Marathon",67,4609.82255366234,4606.46128250606,4682.07305632795,1.56731635165037,1.64023176470921
"Male","Half Marathon",68,4684.86522119965,4680.98329394963,4751.60606308663,1.42460537786601,1.50746640089924
"Male","Half Marathon",69,4767.49558394335,4761.82756911989,4824.55530574176,1.19684897015091,1.31573769744291
"Male","Half Marathon",70,4854.5613217577,4847.65158191032,4901.19706247685,0.960658185738301,1.10299318553342
"Male","Half Marathon",71,4943.29245063102,4936.18789814789,4980.3554770625,0.749763984260075,0.893485047783769
"Male","Half Marathon",72,5031.98995665256,5025.69764989543,5060.49969334732,0.566569825066482,0.69161591640065
"Male","Half Marathon",73,5120.36338518172,5114.21656106482,5150.75689672921,0.59358114378075,0.713627782163633
"Male","Half Marathon",74,5208.39464089837,5202.302552379,5241.30754743711,0.631920367175957,0.748887089926516
"Male","Half Marathon",75,5296.29659063422,5291.02312044521,5330.64464974126,0.648529751294072,0.748098763315319
"Male","Half Marathon",76,5385.40836302726,5381.34648530709,5418.82354423032,0.620476274974299,0.695900039457039
"Male","Half Marathon",77,5477.01106369123,5472.761122049,5506.02066384314,0.529661156688617,0.607257159194656
"Male","Half Marathon",78,5570.25390377668,5566.65276431225,5592.20033501347,0.393993372939641,0.458642840031167
"Male","Half Marathon",79,5672.26379437533,5668.93694922327,5704.79969374334,0.573596372585386,0.632247473321499
"Male","Half Marathon",80,5854.94777074412,5844.78146283754,5906.44889233528,0.879617096645999,1.05325328102634
"Male","Marathon",13,7907.06894836758,7775.72038441989,8000.18790797843,1.6611536437255,2.83882087059428
"Male","Marathon",14,7785.10141268882,7684.92748674623,7865.44289069613,1.28673886995635,2.31872899761692
"Male","Marathon",15,7716.96478639588,7633.72246440651,7790.04514625916,1.07869252087453,2.02570163502919
"Male","Marathon",16,7655.30495042554,7586.84744275421,7721.62319734993,0.894249257405719,1.76055370058417
"Male","Marathon",17,7595.52323437949,7540.80416367883,7654.98688473303,0.78287760459203,1.50328973437116
"Male","Marathon",18,7538.39176011243,7496.13608546612,7590.87674139367,0.696235788102053,1.25677543622571
"Male","Marathon",19,7484.6130799561,7453.3921365953,7530.05587133891,0.60714950655916,1.02428454115983
"Male","Marathon",20,7434.65827325302,7413.04676569372,7473.22711773214,0.518770911339303,0.8094568684472
"Male","Marathon",21,7388.89420780972,7374.47409788611,7430.38000802217,0.561461553592217,0.756620795530811
"Male","Marathon",22,7347.68115265146,7338.88079423925,7394.2541424297,0.633846091177159,0.753616645034642
"Male","Marathon",23,7311.37567036532,7307.32831030405,7361.8271809868,0.69004128492493,0.745398309973902
"Male","Marathon",24,7280.22450448535,7278.11410836953,7333.11712910915,0.726524636585262,0.755512700270928
"Male","Marathon",25,7254.20699091847,7251.83653752651,7308.14905348294,0.743596958730189,0.776273905982017
"Male","Marathon",26,7233.19567136797,7230.60495565641,7286.95881187657,0.743283369499023,0.779100397397298
"Male","Marathon",27,7217.06778046414,7214.31295511886,7269.59481139185,0.727816788279169,0.765987766148291
"Male","Marathon",28,7205.7243088379,7202.87739667976,7256.12143669695,0.699404052931057,0.738913088194215
"Male","Marathon",29,7199.09178225431,7196.23417661705,7246.62100124801,0.660211321528892,0.699905295764664
"Male","Marathon",30,7197.12493257188,7194.33228898271,7241.19672087255,0.612352692409308,0.65115490322737
"Male","Marathon",31,7199.80669901353,7197.14245036294,7239.97312549812,0.557882012166964,0.594886459119071
"Male","Marathon",32,7207.14697009419,7204.37388256982,7243.09529772679,0.49878721471564,0.537264125702497
"Male","Marathon",33,7219.18164645524,7215.88197919808,7250.72849786105,0.436986530478945,0.482693473713659
"Male","Marathon",34,7235.96900939104,7232.38322734908,7263.05514045039,0.374326244683992,0.423881211507415
"Male","Marathon",35,7257.58414650467,7253.90642179353,7284.33024817959,0.368526235934956,0.419200463569065
"Male","Marathon",36,7284.12109477216,7280.49981946177,7310.68496816697,0.364681930039281,0.414396580074198
"Male","Marathon",37,7315.68975766144,7312.22875822966,7341.51779735592,0.353049959061489,0.40035922922496
"Male","Marathon",38,7352.34857260597,7349.1131207166,7376.89512630319,0.333860037439999,0.377865729735659
"Male","Marathon",39,7393.99556381865,7391.02522617503,7416.86744819512,0.309330512563304,0.349502806663034
"Male","Marathon",40,7440.46071683837,7437.77531289175,7461.43690271744,0.281920524512669,0.318012428614005
"Male","Marathon",41,7491.57402697896,7488.29384423197,7513.20313569625,0.288712474032907,0.332497434779077
"Male","Marathon",42,7547.1268827931,7543.21553529729,7569.5478225649,0.297079141771366,0.348904790876647
"Male","Marathon",43,7606.80092030228,7602.24673146632,7629.55430085702,0.299118917309978,0.358988879514624
"Male","Marathon",44,7670.23922678485,7665.05991726805,7692.91732399791,0.295663492917792,0.363188238413491
"Male","Marathon",45,7737.09574682948,7731.33974713981,7759.34588508473,0.287577393162926,0.361972229132651
"Male","Marathon",46,7807.0438201475,7800.79102257537,7828.56508674995,0.275664734286566,0.355756478564848
"Male","Marathon",47,7879.78810369974,7873.15069671046,7900.32812310088,0.260667154126731,0.344900472357284
"Male","Marathon",48,7955.07535434979,7948.19872775889,7975.25191000665,0.253631232365764,0.340074493863432
"Male","Marathon",49,8032.6991710581,8025.57538876557,8055.26512106615,0.28092611869936,0.369610907471214
"Male","Marathon",50,8112.504465594,8105.22451226982,8137.41160157138,0.307021537960519,0.396758971758521
"Male","Marathon",51,8194.38570037592,8187.12507031359,8221.54183526336,0.331399276045703,0.420004210299638
"Male","Marathon",52,8278.28506511374,8271.23212896478,8307.55041031745,0.353519418255358,0.438717452552049
"Male","Marathon",53,8364.19756983806,8357.52033510351,8395.38078715218,0.372817799361511,0.452648944893402
"Male","Marathon",54,8452.16268178318,8445.99457280205,8485.01663064138,0.388704643948806,0.461681338948089
"Male","Marathon",55,8542.26089762677,8536.69981665759,8576.47810575491,0.400563838288308,0.465664647498328
"Male","Marathon",56,8634.61480860229,8629.72402935838,8669.82270228407,0.407752916166115,0.464394461299449
"Male","Marathon",57,8729.38274919932,8724.79709900066,8765.1386881651,0.409604435881329,0.462135643761714
"Male","Marathon",58,8826.76231406588,8822.32934483422,8862.54848550499,0.405428062587327,0.455649979457118
"Male","Marathon",59,8926.99765225414,8922.80399268756,8962.22715554395,0.394639997254994,0.441617264752278
"Male","Marathon",60,9030.29211052393,9026.25075625358,9064.38715061206,0.377562981029044,0.422316287133588
"Male","Marathon",61,9136.62329014916,9132.16268146865,9169.15881109587,0.356100059217585,0.404921254300913
"Male","Marathon",62,9245.79211507906,9240.97193371305,9276.45933789436,0.331688431165186,0.383822215983376
"Male","Marathon",63,9357.58440018401,9352.51877279802,9388.32715697665,0.328533043122109,0.382666964541935
"Male","Marathon",64,9471.84189072201,9466.68242388065,9508.29995594981,0.384909985285018,0.439381617105811
"Male","Marathon",65,9588.4725485277,9583.36751825856,9630.6036797229,0.439393563281032,0.492634892839091
"Male","Marathon",66,9707.430020959,9702.50665436962,9755.02905125619,0.490336064173806,0.541053572090394
"Male","Marathon",67,9828.69282269238,9824.05572743886,9881.38553505223,0.536111091377295,0.583290256879466
"Male","Marathon",68,9952.26473131741,9947.82222214176,10009.5009446434,0.575107424000925,0.619745597276938
"Male","Marathon",69,10078.1951579036,10073.7358274805,10139.2410798865,0.605722761133507,0.649970072812338
"Male","Marathon",70,10206.5809828754,10201.1540488708,10270.5109100613,0.626359868138868,0.679530797892338
"Male","Marathon",71,10337.5625362724,10331.0555003489,10403.2500086232,0.635425150951049,0.698370704128287
"Male","Marathon",72,10471.3274870995,10461.3629160367,10537.4360322893,0.631329172649918,0.72648970578259
"Male","Marathon",73,10608.095809492,10593.2712002024,10673.0937938679,0.612720563078862,0.752468634324575
"Male","Marathon",74,10747.9272846571,10727.397554199,10810.2608233229,0.579958693568866,0.770969759371675
"Male","Marathon",75,10890.4157321106,10863.3880511018,10948.8387939112,0.536463099643415,0.784641696987441
"Male","Marathon",76,11034.87568253,11000.7092631481,11088.4135047286,0.485169237414974,0.79479138781158
"Male","Marathon",77,11180.5917961378,11138.8373539326,11228.4580545995,0.42811918487447,0.801573854953137
"Male","Marathon",78,11326.9206116105,11277.3294326089,11368.4973695364,0.437816955746535,0.804878395934112
"Male","Marathon",79,11485.6057364484,11427.4771334868,11519.8466442231,0.506099584954192,0.80421975867758
"Male","Marathon",80,11766.1706588125,11693.175393233,11810.8542817697,0.620382516080833,1.00014602838103
