"Event","n_pairs","mean_female","mean_male","mean_difference","ci_lower","ci_upper","p_value","label"
"5 km",68,95.0523016029878,96.5318573017657,-1.47955569877787,-2.26315398629571,-0.695957411260022,0.00034890467668626,"Mean diff = -1.48 pp
95% CI [-2.26, -0.7]
paired t-test p (two-sided) < 0.001"
"10 km",67,93.9673760779294,96.4950344068394,-2.45967231928167,-3.11135148332887,-1.80799315523448,1.79343919126937e-10,"Mean diff = -2.46 pp
95% CI [-3.11, -1.81]
paired t-test p (two-sided) < 0.001"
"Half Marathon",68,95.0405140050406,96.1996215627472,-1.15910755770661,-1.9718380541571,-0.346377061256121,0.00585800550935514,"Mean diff = -1.16 pp
95% CI [-1.97, -0.35]
paired t-test p (two-sided) 0.00586"
"Marathon",68,93.4539943682502,95.6962263190204,-2.24223195077027,-3.30091441490434,-1.18354948663619,7.32032385819294e-05,"Mean diff = -2.24 pp
95% CI [-3.3, -1.18]
paired t-test p (two-sided) < 0.001"
