"Race","Sex","n","share"
"26.2 with Donna: The National Marathon to Finish Breast Cancer","Female",265,0.00165775233805636
"26.2 with Donna: The National Marathon to Finish Breast Cancer","Male",234,0.00100656417491849
"Air Force Marathon","Female",340,0.00212692752807232
"Air Force Marathon","Male",728,0.00313153298863529
"Akron Marathon","Female",225,0.00140752557004786
"Akron Marathon","Male",468,0.00201312834983697
"Albany Marathon (formerly the Snickers Marathon Energy Bar Marathon)","Female",101,0.000631822589221482
"Albany Marathon (formerly the Snickers Marathon Energy Bar Marathon)","Male",188,0.000808692584977245
"Anchorage Runfest Humpy's Marathon (prev. Big Wild Life Runs Marathon)","Female",96,0.000600544243220418
"Anchorage Runfest Humpy's Marathon (prev. Big Wild Life Runs Marathon)","Male",123,0.000529091425277665
"Ann Arbor Marathon","Female",75,0.000469175190015952
"Ann Arbor Marathon","Male",173,0.000744169240431188
"Asheville Marathon","Female",241,0.00150761627725126
"Asheville Marathon","Male",360,0.00154856026910536
"Atlantic City Marathon","Female",301,0.00188295642926402
"Atlantic City Marathon","Male",651,0.00280031315329886
"Austin Marathon","Female",917,0.00573644865659504
"Austin Marathon","Male",2275,0.00978604058948528
"Avenue of the Giants Marathon","Female",159,0.000994651402833818
"Avenue of the Giants Marathon","Male",221,0.00095064394297857
"B&A Trail Marathon","Female",77,0.000481686528416377
"B&A Trail Marathon","Male",172,0.000739867684128118
"Baltimore Marathon","Female",461,0.00288386350129805
"Baltimore Marathon","Male",1029,0.00442630143585949
"Bass Pro Shops Marathon","Female",96,0.000600544243220418
"Bass Pro Shops Marathon","Male",189,0.000812994141280315
"Bayshore Marathon","Female",547,0.00342185105251634
"Bayshore Marathon","Male",819,0.0035229746122147
"Baystate Marathon","Female",331,0.0020706265052704
"Baystate Marathon","Male",602,0.00258953689444841
"Bellingham Bay Marathon","Female",103,0.000644333927621907
"Bellingham Bay Marathon","Male",153,0.000658138114369779
"Bend Marathon and Half","Female",95,0.000594288574020206
"Bend Marathon and Half","Male",155,0.00066674122697592
"Big Beach Marathon","Female",194,0.00121359982484126
"Big Beach Marathon","Male",185,0.000795787916068033
"Big Cottonwood Marathon","Female",760,0.00475430859216165
"Big Cottonwood Marathon","Male",803,0.00345414971136557
"Big Sur International Marathon","Female",1755,0.0109786994463733
"Big Sur International Marathon","Male",1873,0.00805681495565095
"Blue Sky Marathon","Female",88,0.000550498889618717
"Blue Sky Marathon","Male",134,0.00057640854461144
"Boston Marathon","Female",11403,0.0713333958900253
"Boston Marathon","Male",15170,0.0652546091175787
"Boulderthon Marathon","Female",300,0.00187670076006381
"Boulderthon Marathon","Male",614,0.00264115557008526
"Brew City Marathon","Female",84,0.000525476212817866
"Brew City Marathon","Male",198,0.000851708148007949
"Bryan-College Station Marathon","Female",167,0.00104469675643552
"Bryan-College Station Marathon","Male",376,0.00161738516995449
"Buffalo Marathon","Female",380,0.00237715429608082
"Buffalo Marathon","Male",685,0.00294656606760326
"California International Marathon","Female",3658,0.022883237934378
"California International Marathon","Male",5528,0.0237790032433735
"Cape Cod Marathon","Female",377,0.00235838728848019
"Cape Cod Marathon","Male",520,0.00223680927759663
"Capital City Marathon","Female",87,0.000544243220418504
"Capital City Marathon","Male",158,0.000679645895885131
"Carlsbad Marathon","Female",274,0.00171405336085828
"Carlsbad Marathon","Male",547,0.00235295129777954
"Carmel Marathon","Female",335,0.00209564918207125
"Carmel Marathon","Male",592,0.00254652133141771
"Catalina Marathon","Female",133,0.000832004003628288
"Catalina Marathon","Male",249,0.00107108751946454
"Charlevoix Marathon","Female",175,0.00109474211003722
"Charlevoix Marathon","Male",235,0.00101086573122156
"Charlotte's Thunder Road Marathon","Female",393,0.00245847799568359
"Charlotte's Thunder Road Marathon","Male",1091,0.00469299792664986
"Chattanooga Marathon","Female",59,0.000369084482812549
"Chattanooga Marathon","Male",151,0.000649535001763638
"Chicago Marathon","Female",22483,0.140646210628382
"Chicago Marathon","Male",25672,0.110429553412425
"Chicagoland Marathon","Female",131,0.000819492665227863
"Chicagoland Marathon","Male",321,0.00138079957328561
"Chickamauga Battlefield Marathon","Female",95,0.000594288574020206
"Chickamauga Battlefield Marathon","Male",249,0.00107108751946454
"Cincinnati Flying Pig Marathon","Female",1836,0.0114854086515905
"Cincinnati Flying Pig Marathon","Male",2650,0.0113991242031367
"City of Oaks Marathon","Female",175,0.00109474211003722
"City of Oaks Marathon","Male",494,0.0021249688137168
"Clarence Demar Marathon","Female",134,0.000838259672828501
"Clarence Demar Marathon","Male",183,0.000787184803461893
"Cleveland Marathon","Female",417,0.00260861405648869
"Cleveland Marathon","Male",810,0.00348426060548707
"Coast Guard Marathon","Female",107,0.000669356604422758
"Coast Guard Marathon","Male",204,0.000877517485826372
"Coastal Delaware Running Festival","Female",255,0.00159519564605424
"Coastal Delaware Running Festival","Male",378,0.00162598828256063
"Coeur d' Alene Marathon","Female",125,0.000781958650026587
"Coeur d' Alene Marathon","Male",156,0.00067104278327899
"Colfax Marathon","Female",509,0.00318413562290826
"Colfax Marathon","Male",1087,0.00467579170143758
"Colorado Springs Marathon","Female",105,0.000656845266022333
"Colorado Springs Marathon","Male",215,0.000924834605160147
"Columbia Gorge Marathon","Female",106,0.000663100935222545
"Columbia Gorge Marathon","Male",129,0.000554900763096088
"Columbus Marathon","Female",1145,0.00716274123424353
"Columbus Marathon","Male",1861,0.00800519628001411
"Cowtown Marathon","Female",435,0.00272121610209252
"Cowtown Marathon","Male",828,0.00356168861894233
"Cox Sports Providence Marathon","Female",650,0.00406618498013825
"Cox Sports Providence Marathon","Male",982,0.00422412828961518
"Dallas Marathon","Female",1015,0.00634950423821588
"Dallas Marathon","Male",2355,0.0101301650937309
"Deadwood-Mickelson Trail Marathon","Female",78,0.00048794219761659
"Deadwood-Mickelson Trail Marathon","Male",128,0.000550599206793018
"Delaware Marathon","Female",147,0.000919583372431266
"Delaware Marathon","Male",307,0.00132057778504263
"Des Plaines River Trail Marathon","Female",68,0.000425385505614463
"Des Plaines River Trail Marathon","Male",134,0.00057640854461144
"Deseret News Classic Marathon","Female",92,0.000575521566419568
"Deseret News Classic Marathon","Male",227,0.000976453280796992
"Detroit International Marathon","Female",1127,0.0070501391886397
"Detroit International Marathon","Male",1949,0.00838373323468431
"Disney World Marathon","Female",7549,0.0472240467924056
"Disney World Marathon","Male",5139,0.022105697841479
"Duke City Marathon","Female",151,0.000944606049232117
"Duke City Marathon","Male",318,0.0013678949043764
"Eau Claire Marathon","Female",218,0.00136373588564637
"Eau Claire Marathon","Male",297,0.00127756222201192
"Equinox Marathon","Female",158,0.000988395733633605
"Equinox Marathon","Male",217,0.000933437717766288
"Erie Marathon at Presque Isle","Female",348,0.00217697288167402
"Erie Marathon at Presque Isle","Male",595,0.00255942600032692
"Eugene Curnow Trail Marathon (formerly the Half Voyageur Trail Marathon)","Female",124,0.000775702980826374
"Eugene Curnow Trail Marathon (formerly the Half Voyageur Trail Marathon)","Male",177,0.00076137546564347
"Eugene Marathon","Female",809,0.00506083638297207
"Eugene Marathon","Male",1223,0.00526080335865516
"Fargo Marathon","Female",382,0.00238966563448125
"Fargo Marathon","Male",601,0.00258523533814534
"Florida Marathon & Half Marathon","Female",89,0.00055675455881893
"Florida Marathon & Half Marathon","Male",121,0.000520488312671525
"Foot Traffic Flat Marathon","Female",92,0.000575521566419568
"Foot Traffic Flat Marathon","Male",164,0.000705455233703554
"Fox Cities Marathon","Female",163,0.00101967407963467
"Fox Cities Marathon","Male",239,0.00102807195643384
"Fox Valley Marathon","Female",122,0.000763191642425948
"Fox Valley Marathon","Male",325,0.0013980057984979
"Ft. Lauderdale A1A Marathon","Female",158,0.000988395733633605
"Ft. Lauderdale A1A Marathon","Male",302,0.00129907000352728
"GO! St. Louis Marathon","Female",383,0.00239592130368146
"GO! St. Louis Marathon","Male",682,0.00293366139869405
"Garmin Marathon (prev. Oz Marathon)","Female",145,0.00090707203403084
"Garmin Marathon (prev. Oz Marathon)","Male",287,0.00123454665898122
"Georgia Marathon","Female",358,0.00223952957367614
"Georgia Marathon","Male",975,0.00419401739549369
"Glass City Marathon","Female",391,0.00244596665728316
"Glass City Marathon","Male",770,0.00331219835336425
"Grand Rapids Marathon","Female",374,0.00233962028087955
"Grand Rapids Marathon","Male",556,0.00239166530450717
"Grandma's Marathon","Female",2915,0.01823527571862
"Grandma's Marathon","Male",4250,0.0182816142880494
"Green Bay Marathon","Female",168,0.00105095242563573
"Green Bay Marathon","Male",326,0.00140230735480097
"Hamptons Marathon","Female",77,0.000481686528416377
"Hamptons Marathon","Male",179,0.000769978578249611
"Harpeth Hills Flying Monkey Marathon","Female",79,0.000494197866816803
"Harpeth Hills Flying Monkey Marathon","Male",165,0.000709756790006624
"Harrisburg Marathon","Female",178,0.00111350911763786
"Harrisburg Marathon","Male",285,0.00122594354637508
"Hartford Marathon","Female",534,0.00334052735291358
"Hartford Marathon","Male",921,0.00396173335512789
"Heartland Marathon","Female",68,0.000425385505614463
"Heartland Marathon","Male",133,0.00057210698830837
"Hilton Head Marathon","Female",124,0.000775702980826374
"Hilton Head Marathon","Male",150,0.000645233445460568
"Hogeye Marathon","Female",70,0.000437896844014888
"Hogeye Marathon","Male",139,0.000597916326126793
"Holland Haven Marathon","Female",133,0.000832004003628288
"Holland Haven Marathon","Male",164,0.000705455233703554
"Honolulu Marathon","Female",6341,0.0396671983985487
"Honolulu Marathon","Male",8650,0.0372084620215594
"Houston Marathon","Female",2186,0.0136748928716649
"Houston Marathon","Male",3916,0.0168448944828239
"Indianapolis Monumental Marathon","Female",1537,0.00961496356072691
"Indianapolis Monumental Marathon","Male",2546,0.0109517623476174
"Irving Marathon","Female",114,0.000713146288824247
"Irving Marathon","Male",306,0.00131627622873956
"Jack and Jill's Downhill Marathon","Female",221,0.00138250289324701
"Jack and Jill's Downhill Marathon","Male",288,0.00123884821528429
"Jack and Jill's Downhill Saturday Marathon","Female",377,0.00235838728848019
"Jack and Jill's Downhill Saturday Marathon","Male",378,0.00162598828256063
"Jackson Hole Marathon","Female",99,0.000619311250821057
"Jackson Hole Marathon","Male",134,0.00057640854461144
"Jacksonville Marathon","Female",192,0.00120108848644084
"Jacksonville Marathon","Male",360,0.00154856026910536
"Jekyll Island Marathon","Female",147,0.000919583372431266
"Jekyll Island Marathon","Male",135,0.000580710100914511
"Jersey City Marathon","Female",631,0.00394732726533421
"Jersey City Marathon","Male",1297,0.00557911852508237
"Kalamazoo Marathon","Female",112,0.000700634950423822
"Kalamazoo Marathon","Male",189,0.000812994141280315
"Kansas City Marathon","Female",369,0.00230834193487848
"Kansas City Marathon","Male",862,0.00370794153324673
"Kentucky Derby Festival Marathon","Female",364,0.00227706358887742
"Kentucky Derby Festival Marathon","Male",684,0.00294226451130019
"Kiawah Island Marathon","Female",566,0.00354070876732038
"Kiawah Island Marathon","Male",792,0.0034068325920318
"Knoxville Marathon","Female",151,0.000944606049232117
"Knoxville Marathon","Male",353,0.00151844937498387
"LA Marathon","Female",6223,0.0389290294329236
"LA Marathon","Male",10352,0.0445297108493853
"Lake Placid Marathon","Female",99,0.000619311250821057
"Lake Placid Marathon","Male",166,0.000714058346309695
"Lake Wobegon Trail Marathon","Female",81,0.000506709205217228
"Lake Wobegon Trail Marathon","Male",128,0.000550599206793018
"Lakefront Marathon","Female",516,0.00322792530730975
"Lakefront Marathon","Male",902,0.00388000378536955
"Last Chance BQ.2 Chicagoland Marathon","Female",64,0.000400362828813612
"Last Chance BQ.2 Chicagoland Marathon","Male",152,0.000653836558066708
"Leadville Trail Marathon","Female",182,0.00113853179443871
"Leadville Trail Marathon","Male",500,0.00215077815153523
"Light at the End of the Tunnel Marathon","Female",333,0.00208313784367083
"Light at the End of the Tunnel Marathon","Male",424,0.00182385987250187
"Lincoln Marathon","Female",244,0.0015263832848519
"Lincoln Marathon","Male",554,0.00238306219190103
"Little Rock Marathon","Female",461,0.00288386350129805
"Little Rock Marathon","Male",583,0.00250780732469007
"Loco Marathon","Female",91,0.000569265897219355
"Loco Marathon","Male",116,0.000498980531156172
"Long Beach Marathon","Female",745,0.00466047355415846
"Long Beach Marathon","Male",1766,0.00759654843122242
"Long Island Marathon","Female",117,0.000731913296424885
"Long Island Marathon","Male",312,0.00134208556655798
"Lost Dutchman Marathon","Female",124,0.000775702980826374
"Lost Dutchman Marathon","Male",166,0.000714058346309695
"Louisiana Marathon","Female",270,0.00168903068405743
"Louisiana Marathon","Male",480,0.00206474702547382
"Louisville Marathon, Half Marathon & 10K","Female",82,0.000512964874417441
"Louisville Marathon, Half Marathon & 10K","Male",202,0.000868914373220231
"Mad Marathon","Female",88,0.000550498889618717
"Mad Marathon","Male",165,0.000709756790006624
"Madison Marathon","Female",595,0.00372212317412655
"Madison Marathon","Male",1031,0.00443490454846563
"Maine Marathon","Female",384,0.00240217697288167
"Maine Marathon","Male",517,0.00222390460868742
"Manchester City Marathon","Female",161,0.00100716274123424
"Manchester City Marathon","Male",291,0.0012517528841935
"Mankato Marathon","Female",211,0.00131994620124488
"Mankato Marathon","Male",321,0.00138079957328561
"Marine Corps Marathon","Female",5464,0.0341809765099622
"Marine Corps Marathon","Male",8195,0.0352512539036623
"Marquette Marathon","Female",182,0.00113853179443871
"Marquette Marathon","Male",238,0.00102377040013077
"Marshall University Marathon","Female",124,0.000775702980826374
"Marshall University Marathon","Male",206,0.000886120598432513
"Martha's Vineyard Marathon","Female",220,0.00137624722404679
"Martha's Vineyard Marathon","Male",260,0.00111840463879832
"Maui Marathon","Female",134,0.000838259672828501
"Maui Marathon","Male",183,0.000787184803461893
"Maui Oceanfront Marathon","Female",129,0.000806981326827437
"Maui Oceanfront Marathon","Male",154,0.000662439670672849
"Mayor's Marathon","Female",232,0.00145131525444934
"Mayor's Marathon","Male",336,0.00144532291783167
"Med-City Marathon","Female",56,0.000350317475211911
"Med-City Marathon","Male",175,0.000752772353037329
"Memphis Marathon","Female",738,0.00461668386975697
"Memphis Marathon","Male",1176,0.00505863021241085
"Mercedes Marathon","Female",161,0.00100716274123424
"Mercedes Marathon","Male",360,0.00154856026910536
"Miami Marathon","Female",816,0.00510462606737356
"Miami Marathon","Male",1924,0.00827619432710755
"Mississippi Gulf Coast Marathon","Female",177,0.00110725344843765
"Mississippi Gulf Coast Marathon","Male",301,0.00129476844722421
"Missoula Marathon","Female",480,0.00300272121610209
"Missoula Marathon","Male",567,0.00243898242384095
"Mo Cowbell Marathon","Female",165,0.00103218541803509
"Mo Cowbell Marathon","Male",292,0.00125605444049657
"Moab Trail Marathon","Female",200,0.00125113384004254
"Moab Trail Marathon","Male",290,0.00124745132789043
"Modesto Marathon","Female",100,0.000625566920021269
"Modesto Marathon","Male",194,0.000834501922795667
"Mohawk-Hudson River Marathon","Female",160,0.00100090707203403
"Mohawk-Hudson River Marathon","Male",278,0.00119583265225359
"Moose Mountain Marathon","Female",149,0.000932094710831691
"Moose Mountain Marathon","Male",157,0.000675344339582061
"Mount Desert Island marathon","Female",302,0.00188921209846423
"Mount Desert Island marathon","Male",343,0.00147543381195316
"Mountains 2 Beach Marathon","Female",587,0.00367207782052485
"Mountains 2 Beach Marathon","Male",829,0.0035659901752454
"Mt. Nebo Marathon","Female",87,0.000544243220418504
"Mt. Nebo Marathon","Male",123,0.000529091425277665
"Myrtle Beach Marathon","Female",359,0.00224578524287636
"Myrtle Beach Marathon","Male",638,0.00274439292135895
"NYC Marathon","Female",22767,0.142422820681242
"NYC Marathon","Male",28395,0.122142691225685
"Napa Valley Marathon","Female",613,0.00383472521973038
"Napa Valley Marathon","Male",834,0.00358749795676076
"Nashville Half Marathon, Marathon & 5K","Female",115,0.00071940195802446
"Nashville Half Marathon, Marathon & 5K","Male",229,0.000985056393403133
"New England Green River Marathon","Female",153,0.000957117387632542
"New England Green River Marathon","Male",185,0.000795787916068033
"Newport Marathon","Female",140,0.000875793688029777
"Newport Marathon","Male",178,0.00076567702194654
"Newport Marathon (RI)","Female",276,0.0017265646992587
"Newport Marathon (RI)","Male",399,0.00171632096492511
"North Central Trail Marathon","Female",89,0.00055675455881893
"North Central Trail Marathon","Male",189,0.000812994141280315
"North Olympic Discovery Marathon","Female",127,0.000794469988427012
"North Olympic Discovery Marathon","Male",143,0.000615122551339075
"OBX Marathon","Female",138,0.000863282349629352
"OBX Marathon","Male",189,0.000812994141280315
"OC Marathon","Female",660,0.00412874167214038
"OC Marathon","Male",1375,0.00591463991672187
"Oakland Marathon Running Festival","Female",133,0.000832004003628288
"Oakland Marathon Running Festival","Male",337,0.00144962447413474
"Ocean State Marathon & Rhode Race","Female",122,0.000763191642425948
"Ocean State Marathon & Rhode Race","Male",161,0.000692550564794343
"Ogden Marathon","Female",364,0.00227706358887742
"Ogden Marathon","Male",711,0.00305840653148309
"Oklahoma City Memorial Marathon","Female",643,0.00402239529573676
"Oklahoma City Memorial Marathon","Male",1160,0.00498980531156172
"One City Marathon","Female",131,0.000819492665227863
"One City Marathon","Male",243,0.00104527818164612
"Palm Beaches Marathon Festival","Female",156,0.00097588439523318
"Palm Beaches Marathon Festival","Male",298,0.00128186377831499
"Panama City Beach Marathon","Female",77,0.000481686528416377
"Panama City Beach Marathon","Male",186,0.000800089472371104
"Philadelphia Marathon","Female",4265,0.0266804291389071
"Philadelphia Marathon","Male",7114,0.0306012715400432
"Phoenix Marathon","Female",829,0.00518594976697632
"Phoenix Marathon","Male",1095,0.00471020415186214
"Pikes Peak Marathon","Female",150,0.000938350380031904
"Pikes Peak Marathon","Male",464,0.00199592212462469
"Pittsburgh Marathon","Female",1069,0.00668731037502737
"Pittsburgh Marathon","Male",1865,0.00802240250522639
"Portland Oregon Marathon","Female",842,0.00526727346657909
"Portland Oregon Marathon","Male",1402,0.00603078193690477
"Prairie Fire Wichita Marathon","Female",93,0.00058177723561978
"Prairie Fire Wichita Marathon","Male",193,0.000830200366492597
"Pro Football Hall of Fame Marathon","Female",84,0.000525476212817866
"Pro Football Hall of Fame Marathon","Male",173,0.000744169240431188
"Quad Cities Marathon","Female",196,0.00122611116324169
"Quad Cities Marathon","Male",342,0.00147113225565009
"REVEL Big Bear and Half Marathon","Female",778,0.00486691063776548
"REVEL Big Bear and Half Marathon","Male",1053,0.00452953878713318
"REVEL Mt Charleston","Female",677,0.00423508804854399
"REVEL Mt Charleston","Male",767,0.00329929368445504
"Rehoboth Seashore Marathon","Female",376,0.00235213161927997
"Rehoboth Seashore Marathon","Male",483,0.00207765169438303
"Rhode Races Newport Marathon","Female",298,0.00186418942166338
"Rhode Races Newport Marathon","Male",368,0.00158297271952993
"Richmond Marathon","Female",1702,0.010647148978762
"Richmond Marathon","Male",2369,0.0101903868819739
"RnR Nashville Marathon","Female",928,0.00580526101779738
"RnR Nashville Marathon","Male",1400,0.00602217882429863
"Rock 'n' Roll Arizona Marathon","Female",494,0.00309030058490507
"Rock 'n' Roll Arizona Marathon","Male",907,0.0039015115668849
"Rocket City Marathon","Female",334,0.00208939351287104
"Rocket City Marathon","Male",583,0.00250780732469007
"Rockies Marathon","Female",346,0.00216446154327359
"Rockies Marathon","Male",360,0.00154856026910536
"Run Oak Island","Female",81,0.000506709205217228
"Run Oak Island","Male",140,0.000602217882429863
"Sackets Harbor Marathon & Half Marathon","Female",81,0.000506709205217228
"Sackets Harbor Marathon & Half Marathon","Male",135,0.000580710100914511
"Salina Crossroads Marathon","Female",130,0.00081323699602765
"Salina Crossroads Marathon","Male",201,0.000864612816917161
"Salisbury Marathon","Female",102,0.000638078258421695
"Salisbury Marathon","Male",150,0.000645233445460568
"Salt Lake City Marathon","Female",318,0.00198930280566764
"Salt Lake City Marathon","Male",692,0.00297667696172475
"Seattle Marathon","Female",532,0.00332801601451315
"Seattle Marathon","Male",1210,0.00520488312671525
"Seven Bridges Marathon","Female",171,0.00106971943323637
"Seven Bridges Marathon","Male",302,0.00129907000352728
"Shamrock Sportsfest Marathon","Female",655,0.00409746332613931
"Shamrock Sportsfest Marathon","Male",1032,0.0044392061047687
"Sioux Falls Marathon","Female",110,0.000688123612023396
"Sioux Falls Marathon","Male",256,0.00110119841358604
"South Texas International Marathon","Female",87,0.000544243220418504
"South Texas International Marathon","Male",118,0.000507583643762313
"Space Coast Marathon","Female",323,0.0020205811516687
"Space Coast Marathon","Male",533,0.00229272950953655
"Spinx Run Fest","Female",100,0.000625566920021269
"Spinx Run Fest","Male",204,0.000877517485826372
"Sri Chinmoy Marathon (formerly Self-Transcendence Marathon)","Female",88,0.000550498889618717
"Sri Chinmoy Marathon (formerly Self-Transcendence Marathon)","Male",143,0.000615122551339075
"St. George Marathon","Female",1507,0.00942729348472053
"St. George Marathon","Male",2304,0.00991078572227432
"St. Petersburg Marathon","Female",117,0.000731913296424885
"St. Petersburg Marathon","Male",194,0.000834501922795667
"Steamboat Marathon","Female",88,0.000550498889618717
"Steamboat Marathon","Male",145,0.000623725663945215
"Steamtown Marathon","Female",322,0.00201432548246849
"Steamtown Marathon","Male",544,0.00234004662887033
"Suffolk County Marathon","Female",77,0.000481686528416377
"Suffolk County Marathon","Male",214,0.000920533048857076
"Sugarloaf Marathon","Female",228,0.00142629257764849
"Sugarloaf Marathon","Male",275,0.00118292798334437
"Surf City Marathon (prev. Pacific Shoreline Marathon)","Female",416,0.00260235838728848
"Surf City Marathon (prev. Pacific Shoreline Marathon)","Male",848,0.00364771974500374
"Tacoma City Marathon","Female",117,0.000731913296424885
"Tacoma City Marathon","Male",246,0.00105818285055533
"The Cheap! Marathon","Female",159,0.000994651402833818
"The Cheap! Marathon","Male",249,0.00107108751946454
"The Kauai Marathon","Female",132,0.000825748334428075
"The Kauai Marathon","Male",185,0.000795787916068033
"The San Francisco Marathon","Female",1304,0.00815739263707735
"The San Francisco Marathon","Male",3552,0.0152791279885062
"The Tunnel Lite Marathon","Female",267,0.00167026367645679
"The Tunnel Lite Marathon","Male",397,0.00170771785231897
"The Woodlands Marathon","Female",258,0.00161396265365487
"The Woodlands Marathon","Male",564,0.00242607775493173
"Tobacco Road Marathon","Female",251,0.00157017296925339
"Tobacco Road Marathon","Male",528,0.0022712217280212
"Town of Celebration Marathon","Female",147,0.000919583372431266
"Town of Celebration Marathon","Male",256,0.00110119841358604
"Tucson Marathon","Female",309,0.00193300178286572
"Tucson Marathon","Male",507,0.00218088904565672
"Tunnel Vision Marathon","Female",197,0.0012323668324419
"Tunnel Vision Marathon","Male",298,0.00128186377831499
"Two Cities Marathon","Female",149,0.000932094710831691
"Two Cities Marathon","Male",332,0.00142811669261939
"Utah Valley Marathon","Female",375,0.00234587595007976
"Utah Valley Marathon","Male",621,0.00267126646420675
"Ventura Marathon","Female",288,0.00180163272966126
"Ventura Marathon","Male",470,0.00202173146244311
"Vermont City Marathon","Female",477,0.00298395420850145
"Vermont City Marathon","Male",683,0.00293796295499712
"WhistleStop Marathon","Female",165,0.00103218541803509
"WhistleStop Marathon","Male",211,0.000907628379947865
"Wilmington Marathon","Female",284,0.0017766100528604
"Wilmington Marathon","Male",441,0.00189698632965407
"Windermere Marathon","Female",90,0.000563010228019142
"Windermere Marathon","Male",127,0.000546297650489947
"Wineglass Marathon","Female",859,0.0053736198429827
"Wineglass Marathon","Male",788,0.00338962636681952
"Wisconsin Marathon","Female",110,0.000688123612023396
"Wisconsin Marathon","Male",180,0.000774280134552681
"York Marathon and Half Marathon","Female",72,0.000450408182415314
"York Marathon and Half Marathon","Male",144,0.000619424107642145
