Event,Sex,Age,Best_Time,Best_Time_Sec,Standard_Sec
5 km,F,13,16:36,996,922
5 km,F,14,16:28,988,902
5 km,F,15,16:14,974,884
5 km,F,16,15:19,919,867
5 km,F,17,15:00,900,850
5 km,F,18,14:40,880,838
5 km,F,19,14:38,878,834
5 km,F,20,14:58,898,834
5 km,F,21,14:19,879,834
5 km,F,22,14:13,853,834
5 km,F,23,14:13,853,834
5 km,F,24,14:48,888,834
5 km,F,25,14:39,879,834
5 km,F,26,14:29,869,834
5 km,F,27,14:57,897,834
5 km,F,28,15:10,910,835
5 km,F,29,14:43,883,836
5 km,F,30,14:50,890,837
5 km,F,31,14:52,892,839
5 km,F,32,14:56,896,842
5 km,F,33,15:15,915,845
5 km,F,34,15:06,906,848
5 km,F,35,15:24,924,852
5 km,F,36,15:30,930,856
5 km,F,37,15:30,930,861
5 km,F,38,15:24,924,866
5 km,F,39,15:40,940,872
5 km,F,40,15:48,948,878
5 km,F,41,15:53,953,885
5 km,F,42,15:48,948,892
5 km,F,43,16:25,985,900
5 km,F,44,16:01,961,909
5 km,F,45,16:20,980,919
5 km,F,46,16:34,994,929
5 km,F,47,16:17,977,939
5 km,F,48,16:14,974,949
5 km,F,49,16:29,989,960
5 km,F,50,16:39,999,971
5 km,F,51,17:04,1024,982
5 km,F,52,17:02,1022,993
5 km,F,53,17:39,1059,1005
5 km,F,54,17:48,1068,1017
5 km,F,55,17:57,1077,1029
5 km,F,56,17:41,1061,1041
5 km,F,57,18:32,1112,1054
5 km,F,58,18:47,1127,1067
5 km,F,59,18:58,1138,1081
5 km,F,60,19:04,1144,1094
5 km,F,61,19:14,1154,1108
5 km,F,62,19:06,1146,1123
5 km,F,63,20:27,1227,1138
5 km,F,64,19:23,1163,1153
5 km,F,65,19:57,1197,1169
5 km,F,66,20:04,1204,1185
5 km,F,67,20:32,1232,1202
5 km,F,68,19:51,1191,1219
5 km,F,69,21:24,1284,1236
5 km,F,70,22:03,1323,1254
5 km,F,71,21:49,1309,1273
5 km,F,72,23:13,1393,1292
5 km,F,73,22:27,1347,1312
5 km,F,74,23:44,1424,1332
5 km,F,75,23:34,1414,1353
5 km,F,76,23:55,1435,1375
5 km,F,77,24:16:00,1456,1397
5 km,F,78,24:00:00,1440,1421
5 km,F,79,25:13:00,1513,1448
5 km,F,80,25:11:00,1511,1479
10 km,F,13,35:44,2144,1917
10 km,F,14,33:16,1996,1878
10 km,F,15,33:19,1999,1844
10 km,F,16,32:42,1962,1813
10 km,F,17,31:32,1892,1783
10 km,F,18,31:29:00,1889,1758
10 km,F,19,31:07:00,1867,1740
10 km,F,20,30:41:00,1841,1729
10 km,F,21,30:55:00,1855,1726
10 km,F,22,28:46:00,1726,1726
10 km,F,23,28:57:00,1737,1726
10 km,F,24,30:39:00,1839,1726
10 km,F,25,30:01:00,1801,1726
10 km,F,26,30:25:00,1825,1726
10 km,F,27,30:47:00,1847,1726
10 km,F,28,30:30:00,1830,1726
10 km,F,29,30:21:00,1821,1728
10 km,F,30,29:38:00,1778,1729
10 km,F,31,30:50:00,1850,1732
10 km,F,32,30:56:00,1856,1736
10 km,F,33,30:59:00,1859,1740
10 km,F,34,30:52:00,1852,1745
10 km,F,35,31:13:00,1873,1751
10 km,F,36,30:57:00,1857,1758
10 km,F,37,31:45:00,1905,1765
10 km,F,38,31:37:00,1897,1774
10 km,F,39,31:44:00,1904,1783
10 km,F,40,32:23:00,1943,1794
10 km,F,41,32:23:00,1943,1805
10 km,F,42,32:09:00,1929,1817
10 km,F,43,32:41:00,1961,1831
10 km,F,44,33:08:00,1988,1845
10 km,F,45,33:29:00,2009,1860
10 km,F,46,34:01:00,2041,1877
10 km,F,47,33:28:00,2008,1895
10 km,F,48,34:01:00,2041,1914
10 km,F,49,33:39:00,2019,1935
10 km,F,50,34:14:00,2054,1956
10 km,F,51,34:44:00,2084,1979
10 km,F,52,35:43:00,2143,2002
10 km,F,53,35:41:00,2141,2025
10 km,F,54,36:03:00,2163,2049
10 km,F,55,36:16:00,2176,2073
10 km,F,56,36:18:00,2178,2098
10 km,F,57,37:22:00,2242,2124
10 km,F,58,38:09:00,2289,2150
10 km,F,59,38:37:00,2317,2177
10 km,F,60,39:10:00,2350,2205
10 km,F,61,39:49:00,2389,2233
10 km,F,62,38:56:00,2336,2262
10 km,F,63,40:59:00,2459,2292
10 km,F,64,38:57:00,2337,2323
10 km,F,65,41:57:00,2517,2354
10 km,F,66,42:18:00,2538,2387
10 km,F,67,42:21:00,2541,2420
10 km,F,68,40:30:00,2430,2454
10 km,F,69,43:05:00,2585,2489
10 km,F,70,45:11:00,2711,2526
10 km,F,71,44:09:00,2649,2563
10 km,F,72,47:07:00,2827,2601
10 km,F,73,48:07:00,2887,2641
10 km,F,74,49:08:00,2948,2681
10 km,F,75,49:14:00,2954,2724
10 km,F,76,50:02:00,3002,2769
10 km,F,77,51:23:00,3083,2819
10 km,F,78,53:38:00,3218,2874
10 km,F,79,54:54:00,3294,2936
10 km,F,80,55:05:00,3305,3004
H Mar,F,13,1:16:23,4583,4356
H Mar,F,14,1:15:14,4514,4243
H Mar,F,15,1:12:36,4356,4145
H Mar,F,16,1:12:31,4351,4056
H Mar,F,17,1:10:08,4208,3971
H Mar,F,18,1:08:21,4101,3897
H Mar,F,19,1:07:57,4077,3841
H Mar,F,20,1:04:14,3854,3802
H Mar,F,21,1:06:49,4009,3780
H Mar,F,22,1:03:51,3831,3772
H Mar,F,23,1:02:52,3772,3772
H Mar,F,24,1:06:11,3971,3772
H Mar,F,25,1:05:51,3951,3772
H Mar,F,26,1:04:02,3842,3772
H Mar,F,27,1:05:09,3909,3772
H Mar,F,28,1:04:31,3871,3773
H Mar,F,29,1:05:18,3918,3775
H Mar,F,30,1:06:49,4009,3780
H Mar,F,31,1:05:52,3952,3786
H Mar,F,32,1:04:48,3888,3794
H Mar,F,33,1:06:02,3962,3804
H Mar,F,34,1:07:26,4046,3816
H Mar,F,35,1:05:13,3913,3830
H Mar,F,36,1:08:21,4101,3845
H Mar,F,37,1:08:55,4135,3863
H Mar,F,38,1:07:15,4035,3883
H Mar,F,39,1:08:48,4128,3905
H Mar,F,40,1:09:56,4196,3929
H Mar,F,41,1:09:37,4177,3955
H Mar,F,42,1:09:58,4198,3984
H Mar,F,43,1:11:54,4314,4015
H Mar,F,44,1:09:46,4186,4049
H Mar,F,45,1:12:04,4324,4085
H Mar,F,46,1:11:18,4278,4124
H Mar,F,47,1:15:42,4542,4166
H Mar,F,48,1:15:06,4506,4211
H Mar,F,49,1:13:32,4412,4259
H Mar,F,50,1:15:18,4518,4309
H Mar,F,51,1:16:07,4567,4361
H Mar,F,52,1:20:06,4806,4414
H Mar,F,53,1:20:13,4813,4468
H Mar,F,54,1:19:48,4788,4523
H Mar,F,55,19:38.4,4779,4580
H Mar,F,56,1:20:06,4806,4638
H Mar,F,57,1:24:54,5094,4699
H Mar,F,58,1:24:19,5090,4760
H Mar,F,59,25:59.6,5160,4823
H Mar,F,60,1:23:39,5019,4887
H Mar,F,61,1:22:33,5191,4954
H Mar,F,62,1:26:53,5213,5022
H Mar,F,63,1:27:57,5277,5092
H Mar,F,64,1:30:27,5427,5164
H Mar,F,65,1:32:56,5576,5239
H Mar,F,66,1:34:44,5684,5315
H Mar,F,67,1:33:43,5623,5394
H Mar,F,68,1:31:38,5712,5475
H Mar,F,69,1:35:12,5712,5559
H Mar,F,70,1:37:38,5858,5644
H Mar,F,71,1:37:01,5821,5733
H Mar,F,72,1:45:42,6342,5825
H Mar,F,73,1:41:00,6060,5920
H Mar,F,74,1:49:58,6598,6017
H Mar,F,75,1:43:09,6189,6118
H Mar,F,76,1:46:08,6368,6225
H Mar,F,77,1:58:06,7086,6345
H Mar,F,78,1:56:48,7008,6479
H Mar,F,79,05:53.0,7553,6627
H Mar,F,80,2:04:19,7459,6792
Mar,F,13,2:44:03,9843,9410
Mar,F,14,2:33:08,9188,9165
Mar,F,15,2:29:41,8981,8966
Mar,F,16,2:31:51,9111,8790
Mar,F,17,2:23:37,8617,8621
Mar,F,18,2:22:38,8558,8458
Mar,F,19,2:20:59,8459,8302
Mar,F,20,2:19:17,8357,8161
Mar,F,21,2:20:51,8451,8046
Mar,F,22,2:19:52,8392,7954
Mar,F,23,2:20:13,8413,7884
Mar,F,24,2:17:08,8228,7835
Mar,F,25,2:14:04,8044,7805
Mar,F,26,2:09:56,7913,7796
Mar,F,27,2:19:12,8352,7796
Mar,F,28,2:17:18,8238,7798
Mar,F,29,2:15:25,8125,7802
Mar,F,30,2:13:44,8024,7809
Mar,F,31,2:17:42,8262,7819
Mar,F,32,2:18:31,8311,7833
Mar,F,33,2:18:35,8315,7849
Mar,F,34,2:18:31,8311,7869
Mar,F,35,2:17:01,8221,7891
Mar,F,36,2:19:19,8359,7917
Mar,F,37,2:19:12,8352,7946
Mar,F,38,2:21:18,8478,7979
Mar,F,39,2:22:12,8532,8015
Mar,F,40,2:23:31,8611,8054
Mar,F,41,2:22:11,8531,8096
Mar,F,42,2:24:11,8651,8143
Mar,F,43,2:29:25,8965,8193
Mar,F,44,2:29:43,8983,8247
Mar,F,45,2:21:34,8494,8306
Mar,F,46,2:30:26,9026,8368
Mar,F,47,2:28:60,8940,8435
Mar,F,48,2:37:46,9466,8506
Mar,F,49,2:30:17,9017,8583
Mar,F,50,2:31:05,9065,8664
Mar,F,51,2:35:46,9346,8751
Mar,F,52,2:48:47,10127,8843
Mar,F,53,2:47:50,10070,8940
Mar,F,54,2:53:49,10429,9045
Mar,F,55,2:52:14,10334,9156
Mar,F,56,2:48:06,10086,9273
Mar,F,57,2:54:29,10469,9396
Mar,F,58,2:58:15,10695,9524
Mar,F,59,2:45:27,9927,9653
Mar,F,60,2:49:43,10183,9788
Mar,F,61,2:56:54,10614,9926
Mar,F,62,2:52:15,10335,10067
Mar,F,63,3:07:48,11268,10214
Mar,F,64,3:19:18,11958,10363
Mar,F,65,3:12:57,11577,10518
Mar,F,66,3:19:05,11945,10678
Mar,F,67,3:25:51,12351,10841
Mar,F,68,3:24:54,12294,11011
Mar,F,69,3:29:41,12581,11185
Mar,F,70,3:27:50,12470,11366
Mar,F,71,3:24:48,12288,11553
Mar,F,72,3:35:29,12929,11745
Mar,F,73,3:42:19,13339,11944
Mar,F,74,3:31:51,12711,12157
Mar,F,75,3:34:32,12872,12394
Mar,F,76,3:33:27,12807,12658
Mar,F,77,4:24:28,15868,12948
Mar,F,78,4:19:52,15592,13272
Mar,F,79,4:11:50,15110,13629
Mar,F,80,4:12:44,15164,14029
5 km,M,13,16:12,972,817
5 km,M,14,15:07,907,800
5 km,M,15,15:10,910,788
5 km,M,16,13:15,795,780
5 km,M,17,13:14,794,773
5 km,M,18,13:00,780,769
5 km,M,19,13:00,780,769
5 km,M,20,12:49,769,769
5 km,M,21,13:11,791,769
5 km,M,22,13:11,791,769
5 km,M,23,12:51,800,769
5 km,M,24,13:10,790,769
5 km,M,25,13:11,791,769
5 km,M,26,13:14,794,769
5 km,M,27,13:14,794,769
5 km,M,28,13:16,796,769
5 km,M,29,13:22,802,769
5 km,M,30,13:27,807,769
5 km,M,31,13:20,800,770
5 km,M,32,13:26,806,772
5 km,M,33,13:30,810,774
5 km,M,34,13:23,803,778
5 km,M,35,13:29,809,783
5 km,M,36,13:44,824,788
5 km,M,37,13:49,829,794
5 km,M,38,13:37,817,800
5 km,M,39,13:32,812,806
5 km,M,40,13:40,820,812
5 km,M,41,13:39,819,818
5 km,M,42,13:55,835,824
5 km,M,43,14:03,843,830
5 km,M,44,14:34,874,836
5 km,M,45,14:29,869,843
5 km,M,46,14:50,890,849
5 km,M,47,14:45,885,856
5 km,M,48,14:51,891,863
5 km,M,49,14:56,896,869
5 km,M,50,15:00,900,876
5 km,M,51,15:05,905,883
5 km,M,52,15:30,930,891
5 km,M,53,15:10,910,898
5 km,M,54,15:15,915,905
5 km,M,55,15:31,931,913
5 km,M,56,15:57,957,920
5 km,M,57,16:22,982,928
5 km,M,58,16:43,1003,936
5 km,M,59,16:21,981,944
5 km,M,60,16:08,968,952
5 km,M,61,16:06,966,961
5 km,M,62,16:25,985,969
5 km,M,63,16:27,987,978
5 km,M,64,17:17,1037,987
5 km,M,65,17:24,1044,995
5 km,M,66,17:24,1044,1005
5 km,M,67,17:00,1020,1014
5 km,M,68,17:39,1059,1023
5 km,M,69,17:34,1054,1034
5 km,M,70,18:01,1081,1046
5 km,M,71,18:42,1122,1059
5 km,M,72,18:32,1112,1073
5 km,M,73,18:22,1102,1088
5 km,M,74,19:06,1146,1105
5 km,M,75,18:45,1125,1123
5 km,M,76,19:40,1180,1143
5 km,M,77,20:03,1203,1165
5 km,M,78,21:53,1203,1188
5 km,M,79,22:19,1339,1214
5 km,M,80,22:14,1334,1242
10 km,M,14,29:16,1756,1745
10 km,M,15,28:38,1718,1699
10 km,M,16,28:05,1685,1662
10 km,M,17,27:56,1676,1634
10 km,M,18,27:42:00,1662,1613
10 km,M,19,26:56:00,1616,1600
10 km,M,20,26:24:00,1584,1589
10 km,M,21,26:43:00,1603,1584
10 km,M,22,26:44:00,1604,1584
10 km,M,23,26:38:00,1598,1584
10 km,M,24,27:15:00,1635,1584
10 km,M,25,26:51:00,1611,1584
10 km,M,26,27:28:00,1648,1584
10 km,M,27,27:39:00,1659,1584
10 km,M,28,27:24:00,1644,1584
10 km,M,29,27:19:00,1639,1584
10 km,M,30,27:04:00,1624,1584
10 km,M,31,27:28:00,1648,1585
10 km,M,32,27:09:00,1629,1586
10 km,M,33,27:40:00,1660,1589
10 km,M,34,27:45:00,1665,1593
10 km,M,35,27:51:00,1671,1599
10 km,M,36,27:39:00,1659,1605
10 km,M,37,28:02:00,1682,1613
10 km,M,38,28:08:00,1688,1622
10 km,M,39,27:39:00,1659,1632
10 km,M,40,27:48:00,1668,1644
10 km,M,41,28:42:00,1722,1657
10 km,M,42,28:13:00,1693,1670
10 km,M,43,29:00:00,1740,1683
10 km,M,44,29:04:00,1744,1697
10 km,M,45,29:08:00,1748,1710
10 km,M,46,30:00:00,1800,1724
10 km,M,47,29:58:00,1798,1739
10 km,M,48,30:51:00,1851,1753
10 km,M,49,30:59:00,1859,1768
10 km,M,50,30:35:00,1835,1783
10 km,M,51,31:27:00,1887,1798
10 km,M,52,31:47:00,1907,1813
10 km,M,53,31:45:00,1905,1829
10 km,M,54,32:04:00,1924,1845
10 km,M,55,32:02:00,1922,1861
10 km,M,56,32:59:00,1979,1878
10 km,M,57,33:24:00,2004,1895
10 km,M,58,32:31:00,1951,1912
10 km,M,59,33:12:00,1992,1929
10 km,M,60,32:48:00,1968,1947
10 km,M,61,33:27:00,2007,1965
10 km,M,62,33:20:00,2000,1983
10 km,M,63,35:20:00,2120,2002
10 km,M,64,36:01:00,2161,2021
10 km,M,65,35:49:00,2149,2041
10 km,M,66,35:36:00,2136,2061
10 km,M,67,35:40:00,2140,2081
10 km,M,68,36:47:00,2207,2102
10 km,M,69,36:11:00,2171,2123
10 km,M,70,37:49:00,2269,2145
10 km,M,71,39:14:00,2354,2167
10 km,M,72,38:17:00,2297,2193
10 km,M,73,37:33:00,2253,2221
10 km,M,74,39:04:00,2344,2252
10 km,M,75,40:10:00,2410,2286
10 km,M,76,40:14:00,2414,2324
10 km,M,77,43:56:00,2636,2365
10 km,M,78,43:06:00,2586,2410
10 km,M,79,45:17:00,2717,2460
10 km,M,80,42:58:00,2578,2514
H Mar,M,13,1:18:53,4733,3853
H Mar,M,14,1:13:18,4398,3734
H Mar,M,15,1:02:44,3764,3645
H Mar,M,16,1:00:45,3645,3581
H Mar,M,17,59:57,3597,3539
H Mar,M,18,59:16:00,3556,3504
H Mar,M,19,58:48:00,3528,3468
H Mar,M,20,57:37:00,3457,3451
H Mar,M,21,57:31:00,3451,3451
H Mar,M,22,58:09:00,3489,3451
H Mar,M,23,58:26:00,3506,3451
H Mar,M,24,57:32:00,3452,3451
H Mar,M,25,58:54:00,3534,3451
H Mar,M,26,58:01:00,3481,3451
H Mar,M,27,59:07:00,3547,3451
H Mar,M,28,58:23:00,3503,3451
H Mar,M,29,58:18:00,3498,3451
H Mar,M,30,59:01:00,3541,3451
H Mar,M,31,58:58:00,3538,3451
H Mar,M,32,59:28:00,3568,3452
H Mar,M,33,59:24:00,3564,3457
H Mar,M,34,59:15:00,3555,3465
H Mar,M,35,59:31:00,3571,3476
H Mar,M,36,59:59:00,3599,3490
H Mar,M,37,1:00:18,3618,3507
H Mar,M,38,1:00:52,3652,3528
H Mar,M,39,1:01:14,3674,3553
H Mar,M,40,1:00:57,3657,3581
H Mar,M,41,1:02:28,3748,3610
H Mar,M,42,1:03:02,3782,3639
H Mar,M,43,1:02:00,3720,3669
H Mar,M,44,1:04:51,3891,3700
H Mar,M,45,1:05:01,3901,3731
H Mar,M,46,1:06:33,3993,3763
H Mar,M,47,1:05:44,3944,3795
H Mar,M,48,1:06:29,3989,3828
H Mar,M,49,1:06:44,4004,3861
H Mar,M,50,1:06:23,3983,3895
H Mar,M,51,1:08:49,4129,3930
H Mar,M,52,1:09:30,4170,3964
H Mar,M,53,1:09:57,4197,4000
H Mar,M,54,1:10:11,4211,4037
H Mar,M,55,1:09:17,4157,4074
H Mar,M,56,1:11:45,4305,4112
H Mar,M,57,1:12:39,4359,4150
H Mar,M,58,1:14:18,4458,4189
H Mar,M,59,1:12:15,4335,4229
H Mar,M,60,1:11:09,4262,4270
H Mar,M,61,1:12:27,4347,4312
H Mar,M,62,1:13:22,4402,4353
H Mar,M,63,1:13:49,4429,4397
H Mar,M,64,1:17:33,4653,4441
H Mar,M,65,1:17:05,4625,4486
H Mar,M,66,1:19:19,4759,4532
H Mar,M,67,1:16:25,4585,4578
H Mar,M,68,1:20:33,4833,4626
H Mar,M,69,1:20:14,4814,4675
H Mar,M,70,1:22:23,4943,4725
H Mar,M,71,1:25:31,5131,4778
H Mar,M,72,1:26:39,5199,4837
H Mar,M,73,1:28:02,5282,4902
H Mar,M,74,1:31:06,5466,4974
H Mar,M,75,1:30:14,5414,5053
H Mar,M,76,1:29:26,5366,5139
H Mar,M,77,1:36:40,5800,5234
H Mar,M,78,1:37:38,5858,5339
H Mar,M,79,1:34:27,5667,5454
H Mar,M,80,1:39:28,5968,5580
Mar,M,13,2:43:2,9782,8512
Mar,M,14,2:41:43,9703,8211
Mar,M,15,2:29:11,8951,7970
Mar,M,16,2:15:7,8107,7780
Mar,M,17,2:10:46,7846,7616
Mar,M,18,2:4:32,7472,7474
Mar,M,19,2:4:48,7488,7368
Mar,M,20,2:4:46,7486,7293
Mar,M,21,2:4:23,7463,7249
Mar,M,22,2:4:52,7492,7235
Mar,M,23,2:00:35,7235,7235
Mar,M,24,2:4:2,7442,7235
Mar,M,25,2:2:48,7368,7235
Mar,M,26,2:3:38,7418,7235
Mar,M,27,2:2:55,7375,7235
Mar,M,28,2:3:36,7416,7235
Mar,M,29,2:3:14,7394,7235
Mar,M,30,2:2:57,7377,7235
Mar,M,31,2:3:5,7385,7235
Mar,M,32,2:3:0,7380,7235
Mar,M,33,2:1:39,7299,7235
Mar,M,34,2:2:37,7357,7235
Mar,M,35,2:3:59,7439,7235
Mar,M,36,2:5:27,7527,7236
Mar,M,37,2:01:09,7269,7250
Mar,M,38,2:02:42,7362,7283
Mar,M,39,2:6:0,7560,7334
Mar,M,40,2:05:53,7553,7395
Mar,M,41,2:04:15,7459,7458
Mar,M,42,2:7:50,7670,7522
Mar,M,43,2:9:4,7744,7586
Mar,M,44,2:9:9,7749,7652
Mar,M,45,2:12:47,7967,7719
Mar,M,46,2:15:24,8124,7787
Mar,M,47,2:16:20,8180,7856
Mar,M,48,2:18:57,8337,7927
Mar,M,49,2:19:47,8387,7999
Mar,M,50,2:19:29,8369,8072
Mar,M,51,2:24:18,8658,8147
Mar,M,52,2:22:14,8534,8223
Mar,M,53,2:23:44,8624,8300
Mar,M,54,2:26:35,8795,8379
Mar,M,55,2:25:56,8756,8459
Mar,M,56,2:27:5,8825,8541
Mar,M,57,2:33:12,9192,8624
Mar,M,58,2:35:51,9351,8710
Mar,M,59,2:27:52,8872,8796
Mar,M,60,2:30:02,9002,8885
Mar,M,61,2:38:12,9492,8975
Mar,M,62,2:41:7,9667,9068
Mar,M,63,2:45:23,9923,9162
Mar,M,64,2:42:44,9764,9258
Mar,M,65,2:41:57,9717,9356
Mar,M,66,2:42:49,9769,9456
Mar,M,67,2:51:7,10267,9559
Mar,M,68,2:51:2,10262,9663
Mar,M,69,2:52:50,10370,9770
Mar,M,70,2:54:23,10463,9880
Mar,M,71,3:0:58,10858,9992
Mar,M,72,2:59:10,10750,10112
Mar,M,73,2:54:49,10489,10244
Mar,M,74,2:58:40,10720,10391
Mar,M,75,3:8:35,11315,10551
Mar,M,76,3:4:54,11094,10730
Mar,M,77,3:33:27,12807,10924
Mar,M,78,3:36:59,13019,11139
Mar,M,79,3:47:1,13621,11374
Mar,M,80,3:15:54,11754,11634